card_name,card_name_eng,収録商品,card_type,series,unit,cost,base_heart,blade_heart,blade,rarity,card_no,required_heart,special_heart,score,text_card,image
MY舞☆TONIGHT,,ブースターパック MELLOW MOMENT,ライブ,ラブライブ！サンシャイン!!,,,,[全ブレード],,SECL,PL!S-bp2-023-SECL,"red:4,grey:4",,3,<ライブ開始時> 自分のライブカード置き場に「MY舞☆TONIGHT」以外の『Aqours』のライブカードがある場合、ライブ終了時まで、自分のステージのメンバーは <ブレード> を得る。,https://llofficial-cardgame.com/wordpress/wp-content/images/cardlist/BP07/PL!S-bp2-023-SECL.png
高海千歌,Takami Chika,ブースターパック MELLOW MOMENT,メンバー,ラブライブ！サンシャイン!!,CYaRon！,9,"red:1,green:1,blue:1",,3,P,PL!S-bp7-001-P,,,,<登場> 手札を1枚控え室に置いてもよい：自分の控え室からコスト10以上のメンバーカードを1枚手札に加える。これにより「桜内梨子」か「渡辺 曜」を手札に加えた場合、ライブ終了時まで、 <ブレード> <ブレード> を得る。,https://llofficial-cardgame.com/wordpress/wp-content/images/cardlist/BP07/PL!S-bp7-001-P.png
高海千歌,Takami Chika,ブースターパック MELLOW MOMENT,メンバー,ラブライブ！サンシャイン!!,CYaRon！,9,"red:1,green:1,blue:1",,3,R,PL!S-bp7-001-R,,,,<登場> 手札を1枚控え室に置いてもよい：自分の控え室からコスト10以上のメンバーカードを1枚手札に加える。これにより「桜内梨子」か「渡辺 曜」を手札に加えた場合、ライブ終了時まで、 <ブレード> <ブレード> を得る。,https://llofficial-cardgame.com/wordpress/wp-content/images/cardlist/BP07/PL!S-bp7-001-R.png
桜内梨子,Sakurauchi Riko,ブースターパック MELLOW MOMENT,メンバー,ラブライブ！サンシャイン!!,Guilty Kiss,4,"green:1,blue:1",blue,,P,PL!S-bp7-002-P,,,,<登場> 自分のステージにコスト9以上の『Aqours』のメンバーがいる場合、カードを1枚引く。,https://llofficial-cardgame.com/wordpress/wp-content/images/cardlist/BP07/PL!S-bp7-002-P.png
松浦果南,Matsuura Kanan,ブースターパック MELLOW MOMENT,メンバー,ラブライブ！サンシャイン!!,AZALEA,4,blue:1,green,2,R+,PL!S-bp7-003-R＋,,,,<登場> / <ライブ開始時> 自分のデッキの一番上のカードを見る。それをデッキの一番下に置いてもよい。 <登場> 以下から1つを選ぶ。 ・ライブ終了時まで、自分のステージにいる元々持つ <ブレード> の数が3つ以下の『Aqours』のメンバーは、相手の効果によってはウェイトしない。 ・このメンバーを『Aqours』か『Saint Snow』のメンバーがいるエリアにポジションチェンジする。,https://llofficial-cardgame.com/wordpress/wp-content/images/cardlist/BP07/PL!S-bp7-003-R2.png
桜内梨子,Sakurauchi Riko,ブースターパック MELLOW MOMENT,メンバー,ラブライブ！サンシャイン!!,Guilty Kiss,4,"green:1,blue:1",blue,,R,PL!S-bp7-002-R,,,,<登場> 自分のステージにコスト9以上の『Aqours』のメンバーがいる場合、カードを1枚引く。,https://llofficial-cardgame.com/wordpress/wp-content/images/cardlist/BP07/PL!S-bp7-002-R.png
松浦果南,Matsuura Kanan,ブースターパック MELLOW MOMENT,メンバー,ラブライブ！サンシャイン!!,AZALEA,4,blue:1,green,2,P,PL!S-bp7-003-P,,,,<登場> / <ライブ開始時> 自分のデッキの一番上のカードを見る。それをデッキの一番下に置いてもよい。 <登場> 以下から1つを選ぶ。 ・ライブ終了時まで、自分のステージにいる元々持つ <ブレード> の数が3つ以下の『Aqours』のメンバーは、相手の効果によってはウェイトしない。 ・このメンバーを『Aqours』か『Saint Snow』のメンバーがいるエリアにポジションチェンジする。,https://llofficial-cardgame.com/wordpress/wp-content/images/cardlist/BP07/PL!S-bp7-003-P.png
松浦果南,Matsuura Kanan,ブースターパック MELLOW MOMENT,メンバー,ラブライブ！サンシャイン!!,AZALEA,4,blue:1,green,2,P+,PL!S-bp7-003-P＋,,,,<登場> / <ライブ開始時> 自分のデッキの一番上のカードを見る。それをデッキの一番下に置いてもよい。 <登場> 以下から1つを選ぶ。 ・ライブ終了時まで、自分のステージにいる元々持つ <ブレード> の数が3つ以下の『Aqours』のメンバーは、相手の効果によってはウェイトしない。 ・このメンバーを『Aqours』か『Saint Snow』のメンバーがいるエリアにポジションチェンジする。,https://llofficial-cardgame.com/wordpress/wp-content/images/cardlist/BP07/PL!S-bp7-003-P2.png
黒澤ダイヤ,Kurosawa Dia,ブースターパック MELLOW MOMENT,メンバー,ラブライブ！サンシャイン!!,AZALEA,13,"red:2,green:3,blue:2",,3,R,PL!S-bp7-004-R,,,,<登場> 『Aqours』のメンバーからバトンタッチして登場した場合、自分と相手はそれぞれ、自身の手札のカードを3枚まで選び、選んだカード以外のカードをシャッフルし、自身のデッキの下に置く。その後、自分と相手はそれぞれカードを3枚引く。 <ライブ開始時> 自分のデッキの下からカードを3枚見る。その中から好きな枚数を好きな順番でデッキの下に置き、残りを控え室に置く。,https://llofficial-cardgame.com/wordpress/wp-content/images/cardlist/BP07/PL!S-bp7-004-R.png
黒澤ダイヤ,Kurosawa Dia,ブースターパック MELLOW MOMENT,メンバー,ラブライブ！サンシャイン!!,AZALEA,13,"red:2,green:3,blue:2",,3,P,PL!S-bp7-004-P,,,,<登場> 『Aqours』のメンバーからバトンタッチして登場した場合、自分と相手はそれぞれ、自身の手札のカードを3枚まで選び、選んだカード以外のカードをシャッフルし、自身のデッキの下に置く。その後、自分と相手はそれぞれカードを3枚引く。 <ライブ開始時> 自分のデッキの下からカードを3枚見る。その中から好きな枚数を好きな順番でデッキの下に置き、残りを控え室に置く。,https://llofficial-cardgame.com/wordpress/wp-content/images/cardlist/BP07/PL!S-bp7-004-P.png
渡辺 曜,Watanabe You,ブースターパック MELLOW MOMENT,メンバー,ラブライブ！サンシャイン!!,CYaRon！,15,"red:2,green:2,blue:2",,6,R+,PL!S-bp7-005-R＋,,,,<登場> 自分の控え室にあるメンバーカード1枚を、自分のステージにいるメンバー1人の下に置く。 <常時> 自分のステージにいる、メンバーカードが下に置かれている『Aqours』のメンバーは、 <ブレード> を得る。 <起動> <センター> <ターン1回> 手札を2枚控え室に置く：このメンバーと自分のステージにいるほかの『Aqours』のメンバー1人を選ぶ。それらが持つ <登場> 能力それぞれ1つを発動させる。,https://llofficial-cardgame.com/wordpress/wp-content/images/cardlist/BP07/PL!S-bp7-005-R2.png
渡辺 曜,Watanabe You,ブースターパック MELLOW MOMENT,メンバー,ラブライブ！サンシャイン!!,CYaRon！,15,"red:2,green:2,blue:2",,6,P,PL!S-bp7-005-P,,,,<登場> 自分の控え室にあるメンバーカード1枚を、自分のステージにいるメンバー1人の下に置く。 <常時> 自分のステージにいる、メンバーカードが下に置かれている『Aqours』のメンバーは、 <ブレード> を得る。 <起動> <センター> <ターン1回> 手札を2枚控え室に置く：このメンバーと自分のステージにいるほかの『Aqours』のメンバー1人を選ぶ。それらが持つ <登場> 能力それぞれ1つを発動させる。,https://llofficial-cardgame.com/wordpress/wp-content/images/cardlist/BP07/PL!S-bp7-005-P.png
渡辺 曜,Watanabe You,ブースターパック MELLOW MOMENT,メンバー,ラブライブ！サンシャイン!!,CYaRon！,15,"red:2,green:2,blue:2",,6,P+,PL!S-bp7-005-P＋,,,,<登場> 自分の控え室にあるメンバーカード1枚を、自分のステージにいるメンバー1人の下に置く。 <常時> 自分のステージにいる、メンバーカードが下に置かれている『Aqours』のメンバーは、 <ブレード> を得る。 <起動> <センター> <ターン1回> 手札を2枚控え室に置く：このメンバーと自分のステージにいるほかの『Aqours』のメンバー1人を選ぶ。それらが持つ <登場> 能力それぞれ1つを発動させる。,https://llofficial-cardgame.com/wordpress/wp-content/images/cardlist/BP07/PL!S-bp7-005-P2.png
渡辺 曜,Watanabe You,ブースターパック MELLOW MOMENT,メンバー,ラブライブ！サンシャイン!!,CYaRon！,15,"red:2,green:2,blue:2",,6,SEC,PL!S-bp7-005-SEC,,,,<登場> 自分の控え室にあるメンバーカード1枚を、自分のステージにいるメンバー1人の下に置く。 <常時> 自分のステージにいる、メンバーカードが下に置かれている『Aqours』のメンバーは、 <ブレード> を得る。 <起動> <センター> <ターン1回> 手札を2枚控え室に置く：このメンバーと自分のステージにいるほかの『Aqours』のメンバー1人を選ぶ。それらが持つ <登場> 能力それぞれ1つを発動させる。,https://llofficial-cardgame.com/wordpress/wp-content/images/cardlist/BP07/PL!S-bp7-005-SEC.png
津島善子,Tsushima Yoshiko,ブースターパック MELLOW MOMENT,メンバー,ラブライブ！サンシャイン!!,Guilty Kiss,2,green:1,green,1,R,PL!S-bp7-006-R,,,,<ライブ開始時> 自分のデッキの下からカードを3枚控え室に置く。それらがすべて『Aqours』のメンバーカードの場合、ライブ終了時まで、 green を得る。,https://llofficial-cardgame.com/wordpress/wp-content/images/cardlist/BP07/PL!S-bp7-006-R.png
津島善子,Tsushima Yoshiko,ブースターパック MELLOW MOMENT,メンバー,ラブライブ！サンシャイン!!,Guilty Kiss,2,green:1,green,1,P,PL!S-bp7-006-P,,,,<ライブ開始時> 自分のデッキの下からカードを3枚控え室に置く。それらがすべて『Aqours』のメンバーカードの場合、ライブ終了時まで、 green を得る。,https://llofficial-cardgame.com/wordpress/wp-content/images/cardlist/BP07/PL!S-bp7-006-P.png
松浦果南,Matsuura Kanan,ブースターパック MELLOW MOMENT,メンバー,ラブライブ！サンシャイン!!,AZALEA,4,blue:1,green,2,SEC,PL!S-bp7-003-SEC,,,,<登場> / <ライブ開始時> 自分のデッキの一番上のカードを見る。それをデッキの一番下に置いてもよい。 <登場> 以下から1つを選ぶ。 ・ライブ終了時まで、自分のステージにいる元々持つ <ブレード> の数が3つ以下の『Aqours』のメンバーは、相手の効果によってはウェイトしない。 ・このメンバーを『Aqours』か『Saint Snow』のメンバーがいるエリアにポジションチェンジする。,https://llofficial-cardgame.com/wordpress/wp-content/images/cardlist/BP07/PL!S-bp7-003-SEC.png
国木田花丸,Kunikida Hanamaru,ブースターパック MELLOW MOMENT,メンバー,ラブライブ！サンシャイン!!,AZALEA,11,"red:1,green:1,blue:1",red,1,R+,PL!S-bp7-007-R＋,,,,<登場> 自分の控え室からコスト2以下のメンバーカードを1枚手札に加える。これによって「津島善子」か「黒澤ルビィ」を手札に加えた場合、そのカードを自分のステージのメンバーのいないエリアに登場させてもよい。 <ライブ開始時> 自分の控え室から『Aqours』のメンバーカードを3枚まで好きな順番でデッキの下に置く。ライブ終了時まで、これによりデッキに置かれたカード1枚につき、 <ブレード> を得る。,https://llofficial-cardgame.com/wordpress/wp-content/images/cardlist/BP07/PL!S-bp7-007-R2.png
国木田花丸,Kunikida Hanamaru,ブースターパック MELLOW MOMENT,メンバー,ラブライブ！サンシャイン!!,AZALEA,11,"red:1,green:1,blue:1",red,1,P+,PL!S-bp7-007-P＋,,,,<登場> 自分の控え室からコスト2以下のメンバーカードを1枚手札に加える。これによって「津島善子」か「黒澤ルビィ」を手札に加えた場合、そのカードを自分のステージのメンバーのいないエリアに登場させてもよい。 <ライブ開始時> 自分の控え室から『Aqours』のメンバーカードを3枚まで好きな順番でデッキの下に置く。ライブ終了時まで、これによりデッキに置かれたカード1枚につき、 <ブレード> を得る。,https://llofficial-cardgame.com/wordpress/wp-content/images/cardlist/BP07/PL!S-bp7-007-P2.png
国木田花丸,Kunikida Hanamaru,ブースターパック MELLOW MOMENT,メンバー,ラブライブ！サンシャイン!!,AZALEA,11,"red:1,green:1,blue:1",red,1,P,PL!S-bp7-007-P,,,,<登場> 自分の控え室からコスト2以下のメンバーカードを1枚手札に加える。これによって「津島善子」か「黒澤ルビィ」を手札に加えた場合、そのカードを自分のステージのメンバーのいないエリアに登場させてもよい。 <ライブ開始時> 自分の控え室から『Aqours』のメンバーカードを3枚まで好きな順番でデッキの下に置く。ライブ終了時まで、これによりデッキに置かれたカード1枚につき、 <ブレード> を得る。,https://llofficial-cardgame.com/wordpress/wp-content/images/cardlist/BP07/PL!S-bp7-007-P.png
国木田花丸,Kunikida Hanamaru,ブースターパック MELLOW MOMENT,メンバー,ラブライブ！サンシャイン!!,AZALEA,11,"red:1,green:1,blue:1",red,1,SEC,PL!S-bp7-007-SEC,,,,<登場> 自分の控え室からコスト2以下のメンバーカードを1枚手札に加える。これによって「津島善子」か「黒澤ルビィ」を手札に加えた場合、そのカードを自分のステージのメンバーのいないエリアに登場させてもよい。 <ライブ開始時> 自分の控え室から『Aqours』のメンバーカードを3枚まで好きな順番でデッキの下に置く。ライブ終了時まで、これによりデッキに置かれたカード1枚につき、 <ブレード> を得る。,https://llofficial-cardgame.com/wordpress/wp-content/images/cardlist/BP07/PL!S-bp7-007-SEC.png
小原鞠莉,Ohara Mari,ブースターパック MELLOW MOMENT,メンバー,ラブライブ！サンシャイン!!,Guilty Kiss,9,"red:1,green:1,blue:2",,2,P,PL!S-bp7-008-P,,,,<登場> 自分のデッキの上からカードを3枚見る。その中から好きな枚数を好きな順番でデッキの上に置き、残りを好きな順番でデッキの下に置く。 <ライブ開始時> 自分のデッキの一番下のカードを控え室に置いてもよい。それが「松浦果南」か「黒澤ダイヤ」の場合、それを手札に加える。,https://llofficial-cardgame.com/wordpress/wp-content/images/cardlist/BP07/PL!S-bp7-008-P.png
小原鞠莉,Ohara Mari,ブースターパック MELLOW MOMENT,メンバー,ラブライブ！サンシャイン!!,Guilty Kiss,9,"red:1,green:1,blue:2",,2,R,PL!S-bp7-008-R,,,,<登場> 自分のデッキの上からカードを3枚見る。その中から好きな枚数を好きな順番でデッキの上に置き、残りを好きな順番でデッキの下に置く。 <ライブ開始時> 自分のデッキの一番下のカードを控え室に置いてもよい。それが「松浦果南」か「黒澤ダイヤ」の場合、それを手札に加える。,https://llofficial-cardgame.com/wordpress/wp-content/images/cardlist/BP07/PL!S-bp7-008-R.png
黒澤ルビィ,Kurosawa Ruby,ブースターパック MELLOW MOMENT,メンバー,ラブライブ！サンシャイン!!,CYaRon！,2,blue:1,blue,,P,PL!S-bp7-009-P,,,,<常時> このメンバーの正面のエリアにいるコスト4以下のメンバーは、 <ブレード> を1つ失う。,https://llofficial-cardgame.com/wordpress/wp-content/images/cardlist/BP07/PL!S-bp7-009-P.png
黒澤ルビィ,Kurosawa Ruby,ブースターパック MELLOW MOMENT,メンバー,ラブライブ！サンシャイン!!,CYaRon！,2,blue:1,blue,,R,PL!S-bp7-009-R,,,,<常時> このメンバーの正面のエリアにいるコスト4以下のメンバーは、 <ブレード> を1つ失う。,https://llofficial-cardgame.com/wordpress/wp-content/images/cardlist/BP07/PL!S-bp7-009-R.png
高海千歌,Takami Chika,ブースターパック MELLOW MOMENT,メンバー,ラブライブ！サンシャイン!!,CYaRon！,4,red:1,red,2,N,PL!S-bp7-010-N,,,,<登場> 自分のデッキの一番下のカードを見る。それをデッキの上から4番目に置いてもよい。,https://llofficial-cardgame.com/wordpress/wp-content/images/cardlist/BP07/PL!S-bp7-010-N.png
松浦果南,Matsuura Kanan,ブースターパック MELLOW MOMENT,メンバー,ラブライブ！サンシャイン!!,AZALEA,17,"red:2,green:2,blue:2",red,6,N,PL!S-bp7-012-N,,,,<登場> 自分のステージに『Aqours』か『Saint Snow』のメンバーのみがいる場合、フォーメーションチェンジしてもよい。この効果によって『Saint Snow』のメンバーが移動した場合、ライブ終了時まで、 <ブレード> <ブレード> を得る。,https://llofficial-cardgame.com/wordpress/wp-content/images/cardlist/BP07/PL!S-bp7-012-N.png
渡辺 曜,Watanabe You,ブースターパック MELLOW MOMENT,メンバー,ラブライブ！サンシャイン!!,CYaRon！,2,blue:1,blue,1,N,PL!S-bp7-014-N,,,,<常時> 相手のエネルギーが自分より多いかぎり、 red を得る。,https://llofficial-cardgame.com/wordpress/wp-content/images/cardlist/BP07/PL!S-bp7-014-N.png
桜内梨子,Sakurauchi Riko,ブースターパック MELLOW MOMENT,メンバー,ラブライブ！サンシャイン!!,Guilty Kiss,7,"red:1,green:1,blue:1",,1,N,PL!S-bp7-011-N,,,,<起動> <ターン1回> このメンバーをウェイトにする：自分のデッキの下からカードを2枚控え室に置く。それらがすべて『Aqours』のメンバーカードの場合、このメンバーをアクティブにし、ライブ終了時まで、 <ブレード> <ブレード> を得る。,https://llofficial-cardgame.com/wordpress/wp-content/images/cardlist/BP07/PL!S-bp7-011-N.png
黒澤ダイヤ,Kurosawa Dia,ブースターパック MELLOW MOMENT,メンバー,ラブライブ！サンシャイン!!,AZALEA,4,red:1,red,2,N,PL!S-bp7-013-N,,,,<登場> 自分か相手を選ぶ。自分は、そのプレイヤーの控え室にあるメンバーカードを2枚まで好きな順番でデッキの下に置く。,https://llofficial-cardgame.com/wordpress/wp-content/images/cardlist/BP07/PL!S-bp7-013-N.png
国木田花丸,Kunikida Hanamaru,ブースターパック MELLOW MOMENT,メンバー,ラブライブ！サンシャイン!!,AZALEA,15,"red:2,green:2,blue:2",blue,3,N,PL!S-bp7-016-N,,,,<常時> 自分のステージにメンバーが3人以上いるかぎり、 red green blue を得る。,https://llofficial-cardgame.com/wordpress/wp-content/images/cardlist/BP07/PL!S-bp7-016-N.png
小原鞠莉,Ohara Mari,ブースターパック MELLOW MOMENT,メンバー,ラブライブ！サンシャイン!!,Guilty Kiss,4,green:1,green,1,N,PL!S-bp7-017-N,,,,<登場> 自分のデッキの一番下のカードを控え室に置く。それがコスト10以上のメンバーカードの場合、ライブ終了時まで、 red blue を得る。,https://llofficial-cardgame.com/wordpress/wp-content/images/cardlist/BP07/PL!S-bp7-017-N.png
黒澤ルビィ,Kurosawa Ruby,ブースターパック MELLOW MOMENT,メンバー,ラブライブ！サンシャイン!!,CYaRon！,4,blue:1,blue,2,N,PL!S-bp7-018-N,,,,<登場> 自分のステージにいるメンバー1人をセンターエリアにポジションチェンジさせる。,https://llofficial-cardgame.com/wordpress/wp-content/images/cardlist/BP07/PL!S-bp7-018-N.png
なんどだって約束！,,ブースターパック MELLOW MOMENT,ライブ,ラブライブ！サンシャイン!!,,,,all,,L,PL!S-bp7-019-L,"red:1,green:1,blue:1,grey:2",,2,<ライブ成功時> 自分の控え室から『Aqours』のカードを2枚まで好きな順番でデッキの下に置く。,https://llofficial-cardgame.com/wordpress/wp-content/images/cardlist/BP07/PL!S-bp7-019-L.png
津島善子,Tsushima Yoshiko,ブースターパック MELLOW MOMENT,メンバー,ラブライブ！サンシャイン!!,Guilty Kiss,5,"green:1,blue:1",,2,N,PL!S-bp7-015-N,,,,<ライブ開始時> 自分のデッキの下からカードを1枚控え室に置く。それがライブカードの場合、ライブ終了時まで、 red を得る。,https://llofficial-cardgame.com/wordpress/wp-content/images/cardlist/BP07/PL!S-bp7-015-N.png
HAPPY PARTY TRAIN,,ブースターパック MELLOW MOMENT,ライブ,ラブライブ！サンシャイン!!,,,,all,,L,PL!S-bp7-020-L,"red:1,green:2,blue:2,grey:3",,3,<ライブ開始時> 自分のステージにいるすべてのメンバーがアクティブ状態の場合、このカードの必要ハートを grey 減らす。 <ライブ開始時> 自分のデッキの下からカードを1枚控え室に置く。それが『Aqours』のメンバーカードの場合、このカードの必要ハートを grey 減らす。,https://llofficial-cardgame.com/wordpress/wp-content/images/cardlist/BP07/PL!S-bp7-020-L.png
僕らの旅は終わらない,,ブースターパック MELLOW MOMENT,ライブ,ラブライブ！サンシャイン!!,,,,blue,,L,PL!S-bp7-021-L,"red:2,green:2,blue:2,grey:6",ドロー,5,<ライブ開始時> 自分のステージにメンバーが3人以上いる場合、自分のデッキの下からカードを5枚控え室に置く。それらの中にメンバーカードが3枚以上ある場合、カードを1枚引く。それらがすべてメンバーカードの場合、さらにこのカードのスコアを＋１する。,https://llofficial-cardgame.com/wordpress/wp-content/images/cardlist/BP07/PL!S-bp7-021-L.png
HAPPY PARTY TRAIN,,ブースターパック MELLOW MOMENT,ライブ,ラブライブ！サンシャイン!!,,,,all,,SECL,PL!S-bp7-020-SECL,"red:1,green:2,blue:2,grey:3",,3,<ライブ開始時> 自分のステージにいるすべてのメンバーがアクティブ状態の場合、このカードの必要ハートを grey 減らす。 <ライブ開始時> 自分のデッキの下からカードを1枚控え室に置く。それが『Aqours』のメンバーカードの場合、このカードの必要ハートを grey 減らす。,https://llofficial-cardgame.com/wordpress/wp-content/images/cardlist/BP07/PL!S-bp7-020-SECL.png
恋になりたいAQUARIUM,,ブースターパック MELLOW MOMENT,ライブ,ラブライブ！サンシャイン!!,,,,b_heart07,,SECL,PL!S-bp7-022-SECL,"red:3,green:3,blue:3,grey:10",,8,<常時> 自分のエールは、デッキの上から行う代わりにデッキの下から行う。 <ライブ成功時> エールにより公開された自分のカードの中に、 red 、 green 、 blue を持つ『Aqours』のメンバーカードがそれぞれある場合、このカードのスコアを＋１する。,https://llofficial-cardgame.com/wordpress/wp-content/images/cardlist/BP07/PL!S-bp7-022-SECL.png
恋になりたいAQUARIUM,,ブースターパック MELLOW MOMENT,ライブ,ラブライブ！サンシャイン!!,,,,b_heart07,,L,PL!S-bp7-022-L,"red:3,green:3,blue:3,grey:10",,8,<常時> 自分のエールは、デッキの上から行う代わりにデッキの下から行う。 <ライブ成功時> エールにより公開された自分のカードの中に、 red 、 green 、 blue を持つ『Aqours』のメンバーカードがそれぞれある場合、このカードのスコアを＋１する。,https://llofficial-cardgame.com/wordpress/wp-content/images/cardlist/BP07/PL!S-bp7-022-L.png
ときめき分類学,,ブースターパック MELLOW MOMENT,ライブ,ラブライブ！サンシャイン!!,AZALEA,,,all,,L,PL!S-bp7-024-L,green:2,,1,<ライブ開始時> ライブ終了時まで、自分のステージにいる『Aqours』のメンバー1人は、元々持つハートがすべて green になる。,https://llofficial-cardgame.com/wordpress/wp-content/images/cardlist/BP07/PL!S-bp7-024-L.png
夜空はなんでも知ってるの？,,ブースターパック MELLOW MOMENT,ライブ,ラブライブ！サンシャイン!!,CYaRon！,,,all,,L,PL!S-bp7-023-L,"red:6,green:1,blue:1,grey:2",,4,<ライブ開始時> 自分のステージに『Aqours』のメンバーが2人以上いる場合、自分のエネルギー1枚をエネルギーデッキに置いてもよい。そうしたとき、相手のエネルギーが自分より1枚多い場合、このカードのスコアを＋１する。2枚以上多い場合、代わりにスコアを＋２する。,https://llofficial-cardgame.com/wordpress/wp-content/images/cardlist/BP07/PL!S-bp7-023-L.png
"Guilty Night, Guilty Kiss!",,ブースターパック MELLOW MOMENT,ライブ,ラブライブ！サンシャイン!!,Guilty Kiss,,,all,,L,PL!S-bp7-025-L,"green:1,blue:3,grey:3",,3,<ライブ成功時> 以下から1つを選ぶ。 ・相手のステージにいるコスト4以下のメンバーを2人までウェイトにする。そのメンバーは次のターンのアクティブフェイズにアクティブしない。 ・カードを1枚引く。,https://llofficial-cardgame.com/wordpress/wp-content/images/cardlist/BP07/PL!S-bp7-025-L.png
松浦果南,Matsuura Kanan,ブースターパック MELLOW MOMENT,エネルギー,ラブライブ！サンシャイン!!,AZALEA,,,,,SECE,PL!S-bp7-E01-SECE,,,,,https://llofficial-cardgame.com/wordpress/wp-content/images/cardlist/BP07/PL!S-bp7-E01-SECE.png
桜内梨子,Sakurauchi Riko,ブースターパック MELLOW MOMENT,エネルギー,ラブライブ！サンシャイン!!,Guilty Kiss,,,,,PE,PL!S-bp7-E04-PE,,,,,https://llofficial-cardgame.com/wordpress/wp-content/images/cardlist/BP07/PL!S-bp7-E04-PE.png
国木田花丸,Kunikida Hanamaru,ブースターパック MELLOW MOMENT,エネルギー,ラブライブ！サンシャイン!!,AZALEA,,,,,SECE,PL!S-bp7-E03-SECE,,,,,https://llofficial-cardgame.com/wordpress/wp-content/images/cardlist/BP07/PL!S-bp7-E03-SECE.png
桜内梨子,Sakurauchi Riko,ブースターパック MELLOW MOMENT,エネルギー,ラブライブ！サンシャイン!!,Guilty Kiss,,,,,PE+,PL!S-bp7-E04-PE＋,,,,,https://llofficial-cardgame.com/wordpress/wp-content/images/cardlist/BP07/PL!S-bp7-E04-PE2.png
渡辺 曜,Watanabe You,ブースターパック MELLOW MOMENT,エネルギー,ラブライブ！サンシャイン!!,CYaRon！,,,,,SECE,PL!S-bp7-E02-SECE,,,,,https://llofficial-cardgame.com/wordpress/wp-content/images/cardlist/BP07/PL!S-bp7-E02-SECE.png
小原鞠莉,Ohara Mari,ブースターパック MELLOW MOMENT,エネルギー,ラブライブ！サンシャイン!!,Guilty Kiss,,,,,PE,PL!S-bp7-E06-PE,,,,,https://llofficial-cardgame.com/wordpress/wp-content/images/cardlist/BP07/PL!S-bp7-E06-PE.png
津島善子,Tsushima Yoshiko,ブースターパック MELLOW MOMENT,エネルギー,ラブライブ！サンシャイン!!,Guilty Kiss,,,,,PE+,PL!S-bp7-E05-PE＋,,,,,https://llofficial-cardgame.com/wordpress/wp-content/images/cardlist/BP07/PL!S-bp7-E05-PE2.png
小原鞠莉,Ohara Mari,ブースターパック MELLOW MOMENT,エネルギー,ラブライブ！サンシャイン!!,Guilty Kiss,,,,,PE+,PL!S-bp7-E06-PE＋,,,,,https://llofficial-cardgame.com/wordpress/wp-content/images/cardlist/BP07/PL!S-bp7-E06-PE2.png
津島善子,Tsushima Yoshiko,ブースターパック MELLOW MOMENT,エネルギー,ラブライブ！サンシャイン!!,Guilty Kiss,,,,,PE,PL!S-bp7-E05-PE,,,,,https://llofficial-cardgame.com/wordpress/wp-content/images/cardlist/BP07/PL!S-bp7-E05-PE.png
上原歩夢,Uehara Ayumu,ブースターパック MELLOW MOMENT,メンバー,ラブライブ！虹ヶ咲学園スクールアイドル同好会,A・ZU・NA,4,pink:1,pink,1,R,PL!N-bp7-001-R,,,,<自動> <ターン1回> 自分のエネルギー置き場にあるエネルギーがメンバーの下に置かれたとき、自分のエネルギーデッキから、エネルギーカードを1枚ウェイト状態で置く。,https://llofficial-cardgame.com/wordpress/wp-content/images/cardlist/BP07/PL!N-bp7-001-R.png
Poppin' Up!,,ブースターパック MELLOW MOMENT,ライブ,ラブライブ！虹ヶ咲学園スクールアイドル同好会,,,,all,,SECL,PL!N-bp1-026-SECL,"yellow:1,grey:2",,1,<ライブ成功時> ライブの合計スコアが相手より高い場合、エールにより公開された自分のカードの中から、『虹ヶ咲』のカードを1枚手札に加える。,https://llofficial-cardgame.com/wordpress/wp-content/images/cardlist/BP07/PL!N-bp1-026-SECL.png
中須かすみ,Nakasu Kasumi,ブースターパック MELLOW MOMENT,メンバー,ラブライブ！虹ヶ咲学園スクールアイドル同好会,QU4RTZ,13,"yellow:2,green:2,blue:1,purple:1",yellow,3,R,PL!N-bp7-002-R,,,,<登場> 自分のステージに『QU4RTZ』のメンバーが3人以上いる場合、自分の控え室からカードを1枚手札に加える。,https://llofficial-cardgame.com/wordpress/wp-content/images/cardlist/BP07/PL!N-bp7-002-R.png
中須かすみ,Nakasu Kasumi,ブースターパック MELLOW MOMENT,メンバー,ラブライブ！虹ヶ咲学園スクールアイドル同好会,QU4RTZ,13,"yellow:2,green:2,blue:1,purple:1",yellow,3,P,PL!N-bp7-002-P,,,,<登場> 自分のステージに『QU4RTZ』のメンバーが3人以上いる場合、自分の控え室からカードを1枚手札に加える。,https://llofficial-cardgame.com/wordpress/wp-content/images/cardlist/BP07/PL!N-bp7-002-P.png
桜坂しずく,Osaka Shizuku,ブースターパック MELLOW MOMENT,メンバー,ラブライブ！虹ヶ咲学園スクールアイドル同好会,A・ZU・NA,15,,,6,R+,PL!N-bp7-003-R＋,,,,<起動> <ターン1回> デッキの上からカードを5枚控え室に置く：自分の控え室にあるコスト17以下の『虹ヶ咲』のメンバーカード1枚をこのメンバーの下に置く。そうしたとき、ライブ終了時まで、このメンバーが元々持つハートは、これにより下に置いたメンバーカードが持つハートと同じになる。 <ライブ開始時> ライブ終了時まで、このメンバーの下に置かれている名前の異なるメンバーカード1枚につき、 <ブレード> を得る。,https://llofficial-cardgame.com/wordpress/wp-content/images/cardlist/BP07/PL!N-bp7-003-R2.png
桜坂しずく,Osaka Shizuku,ブースターパック MELLOW MOMENT,メンバー,ラブライブ！虹ヶ咲学園スクールアイドル同好会,A・ZU・NA,15,,,6,SEC,PL!N-bp7-003-SEC,,,,<起動> <ターン1回> デッキの上からカードを5枚控え室に置く：自分の控え室にあるコスト17以下の『虹ヶ咲』のメンバーカード1枚をこのメンバーの下に置く。そうしたとき、ライブ終了時まで、このメンバーが元々持つハートは、これにより下に置いたメンバーカードが持つハートと同じになる。 <ライブ開始時> ライブ終了時まで、このメンバーの下に置かれている名前の異なるメンバーカード1枚につき、 <ブレード> を得る。,https://llofficial-cardgame.com/wordpress/wp-content/images/cardlist/BP07/PL!N-bp7-003-SEC.png
上原歩夢,Uehara Ayumu,ブースターパック MELLOW MOMENT,メンバー,ラブライブ！虹ヶ咲学園スクールアイドル同好会,A・ZU・NA,4,pink:1,pink,1,P,PL!N-bp7-001-P,,,,<自動> <ターン1回> 自分のエネルギー置き場にあるエネルギーがメンバーの下に置かれたとき、自分のエネルギーデッキから、エネルギーカードを1枚ウェイト状態で置く。,https://llofficial-cardgame.com/wordpress/wp-content/images/cardlist/BP07/PL!N-bp7-001-P.png
朝香果林,Asaka Karin,ブースターパック MELLOW MOMENT,メンバー,ラブライブ！虹ヶ咲学園スクールアイドル同好会,DiverDiva,13,"red:2,blue:2,purple:1",red,4,R,PL!N-bp7-004-R,,,,<起動> <ターン1回> エネルギー置き場にあるエネルギー1枚をこのメンバーの下に置く：相手のステージにいる、元々持つ <ブレード> の数がこのメンバーの下にあるエネルギーカードの枚数に1を足した数以下のメンバー1人をウェイトにする。,https://llofficial-cardgame.com/wordpress/wp-content/images/cardlist/BP07/PL!N-bp7-004-R.png
宮下 愛,Miyashita Ai,ブースターパック MELLOW MOMENT,メンバー,ラブライブ！虹ヶ咲学園スクールアイドル同好会,DiverDiva,11,"red:2,green:1,blue:1",red,3,R,PL!N-bp7-005-R,,,,<登場> 自分のステージに名前の異なる『DiverDiva』のメンバーが2人いる場合、以下から1つを選ぶ。 ・エネルギーを2枚アクティブにする。 ・自分のエネルギーデッキから、エネルギーカード1枚を自分のステージにいる『虹ヶ咲』のメンバーの下に置く。,https://llofficial-cardgame.com/wordpress/wp-content/images/cardlist/BP07/PL!N-bp7-005-R.png
朝香果林,Asaka Karin,ブースターパック MELLOW MOMENT,メンバー,ラブライブ！虹ヶ咲学園スクールアイドル同好会,DiverDiva,13,"red:2,blue:2,purple:1",red,4,P,PL!N-bp7-004-P,,,,<起動> <ターン1回> エネルギー置き場にあるエネルギー1枚をこのメンバーの下に置く：相手のステージにいる、元々持つ <ブレード> の数がこのメンバーの下にあるエネルギーカードの枚数に1を足した数以下のメンバー1人をウェイトにする。,https://llofficial-cardgame.com/wordpress/wp-content/images/cardlist/BP07/PL!N-bp7-004-P.png
桜坂しずく,Osaka Shizuku,ブースターパック MELLOW MOMENT,メンバー,ラブライブ！虹ヶ咲学園スクールアイドル同好会,A・ZU・NA,15,,,6,P,PL!N-bp7-003-P,,,,<起動> <ターン1回> デッキの上からカードを5枚控え室に置く：自分の控え室にあるコスト17以下の『虹ヶ咲』のメンバーカード1枚をこのメンバーの下に置く。そうしたとき、ライブ終了時まで、このメンバーが元々持つハートは、これにより下に置いたメンバーカードが持つハートと同じになる。 <ライブ開始時> ライブ終了時まで、このメンバーの下に置かれている名前の異なるメンバーカード1枚につき、 <ブレード> を得る。,https://llofficial-cardgame.com/wordpress/wp-content/images/cardlist/BP07/PL!N-bp7-003-P.png
宮下 愛,Miyashita Ai,ブースターパック MELLOW MOMENT,メンバー,ラブライブ！虹ヶ咲学園スクールアイドル同好会,DiverDiva,11,"red:2,green:1,blue:1",red,3,P,PL!N-bp7-005-P,,,,<登場> 自分のステージに名前の異なる『DiverDiva』のメンバーが2人いる場合、以下から1つを選ぶ。 ・エネルギーを2枚アクティブにする。 ・自分のエネルギーデッキから、エネルギーカード1枚を自分のステージにいる『虹ヶ咲』のメンバーの下に置く。,https://llofficial-cardgame.com/wordpress/wp-content/images/cardlist/BP07/PL!N-bp7-005-P.png
近江彼方,Konoe Kanata,ブースターパック MELLOW MOMENT,メンバー,ラブライブ！虹ヶ咲学園スクールアイドル同好会,QU4RTZ,17,"pink:2,red:2,blue:1,purple:3",,5,P,PL!N-bp7-006-P,,,,<起動> <ターン1回> <E> ：自分のデッキの上からカードを4枚見る。その後、それらを好きな順番でデッキの上に置く。 <起動> <ターン2回> デッキの上からカードを3枚控え室に置く：これにより控え室に置いたカードの中に『虹ヶ咲』のライブカードかブレードハートを持たない『虹ヶ咲』のメンバーカードがある場合、以下から1つを選ぶ。 ・エネルギーを2枚アクティブにする。 ・ライブ終了時まで、 <ブレード> <ブレード> を得る。,https://llofficial-cardgame.com/wordpress/wp-content/images/cardlist/BP07/PL!N-bp7-006-P.png
桜坂しずく,Osaka Shizuku,ブースターパック MELLOW MOMENT,メンバー,ラブライブ！虹ヶ咲学園スクールアイドル同好会,A・ZU・NA,15,,,6,P+,PL!N-bp7-003-P＋,,,,<起動> <ターン1回> デッキの上からカードを5枚控え室に置く：自分の控え室にあるコスト17以下の『虹ヶ咲』のメンバーカード1枚をこのメンバーの下に置く。そうしたとき、ライブ終了時まで、このメンバーが元々持つハートは、これにより下に置いたメンバーカードが持つハートと同じになる。 <ライブ開始時> ライブ終了時まで、このメンバーの下に置かれている名前の異なるメンバーカード1枚につき、 <ブレード> を得る。,https://llofficial-cardgame.com/wordpress/wp-content/images/cardlist/BP07/PL!N-bp7-003-P2.png
近江彼方,Konoe Kanata,ブースターパック MELLOW MOMENT,メンバー,ラブライブ！虹ヶ咲学園スクールアイドル同好会,QU4RTZ,17,"pink:2,red:2,blue:1,purple:3",,5,P+,PL!N-bp7-006-P＋,,,,<起動> <ターン1回> <E> ：自分のデッキの上からカードを4枚見る。その後、それらを好きな順番でデッキの上に置く。 <起動> <ターン2回> デッキの上からカードを3枚控え室に置く：これにより控え室に置いたカードの中に『虹ヶ咲』のライブカードかブレードハートを持たない『虹ヶ咲』のメンバーカードがある場合、以下から1つを選ぶ。 ・エネルギーを2枚アクティブにする。 ・ライブ終了時まで、 <ブレード> <ブレード> を得る。,https://llofficial-cardgame.com/wordpress/wp-content/images/cardlist/BP07/PL!N-bp7-006-P2.png
近江彼方,Konoe Kanata,ブースターパック MELLOW MOMENT,メンバー,ラブライブ！虹ヶ咲学園スクールアイドル同好会,QU4RTZ,17,"pink:2,red:2,blue:1,purple:3",,5,SEC,PL!N-bp7-006-SEC,,,,<起動> <ターン1回> <E> ：自分のデッキの上からカードを4枚見る。その後、それらを好きな順番でデッキの上に置く。 <起動> <ターン2回> デッキの上からカードを3枚控え室に置く：これにより控え室に置いたカードの中に『虹ヶ咲』のライブカードかブレードハートを持たない『虹ヶ咲』のメンバーカードがある場合、以下から1つを選ぶ。 ・エネルギーを2枚アクティブにする。 ・ライブ終了時まで、 <ブレード> <ブレード> を得る。,https://llofficial-cardgame.com/wordpress/wp-content/images/cardlist/BP07/PL!N-bp7-006-SEC.png
近江彼方,Konoe Kanata,ブースターパック MELLOW MOMENT,メンバー,ラブライブ！虹ヶ咲学園スクールアイドル同好会,QU4RTZ,17,"pink:2,red:2,blue:1,purple:3",,5,R+,PL!N-bp7-006-R＋,,,,<起動> <ターン1回> <E> ：自分のデッキの上からカードを4枚見る。その後、それらを好きな順番でデッキの上に置く。 <起動> <ターン2回> デッキの上からカードを3枚控え室に置く：これにより控え室に置いたカードの中に『虹ヶ咲』のライブカードかブレードハートを持たない『虹ヶ咲』のメンバーカードがある場合、以下から1つを選ぶ。 ・エネルギーを2枚アクティブにする。 ・ライブ終了時まで、 <ブレード> <ブレード> を得る。,https://llofficial-cardgame.com/wordpress/wp-content/images/cardlist/BP07/PL!N-bp7-006-R2.png
優木せつ菜,Yuki Setsuna,ブースターパック MELLOW MOMENT,メンバー,ラブライブ！虹ヶ咲学園スクールアイドル同好会,A・ZU・NA,11,"red:1,yellow:1,blue:1",red,4,R+,PL!N-bp7-007-R＋,,,,<常時> このメンバーの下にあるエネルギーカード1枚につき、 red を得る。 <常時> 自分のエネルギーが6枚より多いかぎり、その差に等しい数の red を得る。 <ライブ成功時> 自分のエネルギーデッキから、エネルギーカード1枚をこのメンバーの下に置く。,https://llofficial-cardgame.com/wordpress/wp-content/images/cardlist/BP07/PL!N-bp7-007-R2.png
優木せつ菜,Yuki Setsuna,ブースターパック MELLOW MOMENT,メンバー,ラブライブ！虹ヶ咲学園スクールアイドル同好会,A・ZU・NA,11,"red:1,yellow:1,blue:1",red,4,P+,PL!N-bp7-007-P＋,,,,<常時> このメンバーの下にあるエネルギーカード1枚につき、 red を得る。 <常時> 自分のエネルギーが6枚より多いかぎり、その差に等しい数の red を得る。 <ライブ成功時> 自分のエネルギーデッキから、エネルギーカード1枚をこのメンバーの下に置く。,https://llofficial-cardgame.com/wordpress/wp-content/images/cardlist/BP07/PL!N-bp7-007-P2.png
優木せつ菜,Yuki Setsuna,ブースターパック MELLOW MOMENT,メンバー,ラブライブ！虹ヶ咲学園スクールアイドル同好会,A・ZU・NA,11,"red:1,yellow:1,blue:1",red,4,P,PL!N-bp7-007-P,,,,<常時> このメンバーの下にあるエネルギーカード1枚につき、 red を得る。 <常時> 自分のエネルギーが6枚より多いかぎり、その差に等しい数の red を得る。 <ライブ成功時> 自分のエネルギーデッキから、エネルギーカード1枚をこのメンバーの下に置く。,https://llofficial-cardgame.com/wordpress/wp-content/images/cardlist/BP07/PL!N-bp7-007-P.png
エマ・ヴェルデ,Emma Verde,ブースターパック MELLOW MOMENT,メンバー,ラブライブ！虹ヶ咲学園スクールアイドル同好会,QU4RTZ,15,"red:2,green:2,purple:3",,5,R,PL!N-bp7-008-R,,,,<登場> 自分の控え室からブレードハートを持たないメンバーカードを4枚まで好きな順番でデッキの下に置いてもよい。これによりデッキに置いたカード1枚につき、エネルギーを1枚アクティブにする。,https://llofficial-cardgame.com/wordpress/wp-content/images/cardlist/BP07/PL!N-bp7-008-R.png
優木せつ菜,Yuki Setsuna,ブースターパック MELLOW MOMENT,メンバー,ラブライブ！虹ヶ咲学園スクールアイドル同好会,A・ZU・NA,11,"red:1,yellow:1,blue:1",red,4,SEC,PL!N-bp7-007-SEC,,,,<常時> このメンバーの下にあるエネルギーカード1枚につき、 red を得る。 <常時> 自分のエネルギーが6枚より多いかぎり、その差に等しい数の red を得る。 <ライブ成功時> 自分のエネルギーデッキから、エネルギーカード1枚をこのメンバーの下に置く。,https://llofficial-cardgame.com/wordpress/wp-content/images/cardlist/BP07/PL!N-bp7-007-SEC.png
エマ・ヴェルデ,Emma Verde,ブースターパック MELLOW MOMENT,メンバー,ラブライブ！虹ヶ咲学園スクールアイドル同好会,QU4RTZ,15,"red:2,green:2,purple:3",,5,P,PL!N-bp7-008-P,,,,<登場> 自分の控え室からブレードハートを持たないメンバーカードを4枚まで好きな順番でデッキの下に置いてもよい。これによりデッキに置いたカード1枚につき、エネルギーを1枚アクティブにする。,https://llofficial-cardgame.com/wordpress/wp-content/images/cardlist/BP07/PL!N-bp7-008-P.png
三船栞子,Mifune Shioriko,ブースターパック MELLOW MOMENT,メンバー,ラブライブ！虹ヶ咲学園スクールアイドル同好会,R3BIRTH,9,"pink:1,green:2,blue:1",,2,R,PL!N-bp7-010-R,,,,<起動> <ターン1回> エネルギー置き場にあるエネルギー1枚をこのメンバーの下に置く：自分の控え室からコスト2以下の『虹ヶ咲』のメンバーカードを1枚、メンバーのいないエリアにウェイト状態で登場させる。（この効果で登場したメンバーのいるエリアには、このターンにメンバーは登場できない。）,https://llofficial-cardgame.com/wordpress/wp-content/images/cardlist/BP07/PL!N-bp7-010-R.png
三船栞子,Mifune Shioriko,ブースターパック MELLOW MOMENT,メンバー,ラブライブ！虹ヶ咲学園スクールアイドル同好会,R3BIRTH,9,"pink:1,green:2,blue:1",,2,P,PL!N-bp7-010-P,,,,<起動> <ターン1回> エネルギー置き場にあるエネルギー1枚をこのメンバーの下に置く：自分の控え室からコスト2以下の『虹ヶ咲』のメンバーカードを1枚、メンバーのいないエリアにウェイト状態で登場させる。（この効果で登場したメンバーのいるエリアには、このターンにメンバーは登場できない。）,https://llofficial-cardgame.com/wordpress/wp-content/images/cardlist/BP07/PL!N-bp7-010-P.png
ミア・テイラー,Mia Taylor,ブースターパック MELLOW MOMENT,メンバー,ラブライブ！虹ヶ咲学園スクールアイドル同好会,R3BIRTH,13,"pink:2,yellow:2,green:2",,4,P,PL!N-bp7-011-P,,,,<自動> このカードがデッキから控え室に置かれたとき、手札を1枚控え室に置いてもよい。そうしたとき、控え室からこのカードを手札に加える。 <常時> このカードをプレイする際、自分の控え室にあるすべてのメンバーカードをシャッフルし、デッキの下に置いてもよい。そうしたとき、このカードのコストは２減る。 <ライブ成功時> 自分の控え室にある『虹ヶ咲』のカード1枚をデッキの一番上に置いてもよい。,https://llofficial-cardgame.com/wordpress/wp-content/images/cardlist/BP07/PL!N-bp7-011-P.png
ミア・テイラー,Mia Taylor,ブースターパック MELLOW MOMENT,メンバー,ラブライブ！虹ヶ咲学園スクールアイドル同好会,R3BIRTH,13,"pink:2,yellow:2,green:2",,4,R+,PL!N-bp7-011-R＋,,,,<自動> このカードがデッキから控え室に置かれたとき、手札を1枚控え室に置いてもよい。そうしたとき、控え室からこのカードを手札に加える。 <常時> このカードをプレイする際、自分の控え室にあるすべてのメンバーカードをシャッフルし、デッキの下に置いてもよい。そうしたとき、このカードのコストは２減る。 <ライブ成功時> 自分の控え室にある『虹ヶ咲』のカード1枚をデッキの一番上に置いてもよい。,https://llofficial-cardgame.com/wordpress/wp-content/images/cardlist/BP07/PL!N-bp7-011-R2.png
天王寺璃奈,Tennoji Rina,ブースターパック MELLOW MOMENT,メンバー,ラブライブ！虹ヶ咲学園スクールアイドル同好会,QU4RTZ,4,"yellow:1,green:1",green,,R,PL!N-bp7-009-R,,,,<登場> 自分と相手はそれぞれ、自身のデッキの上からカードを7枚控え室に置く。,https://llofficial-cardgame.com/wordpress/wp-content/images/cardlist/BP07/PL!N-bp7-009-R.png
ミア・テイラー,Mia Taylor,ブースターパック MELLOW MOMENT,メンバー,ラブライブ！虹ヶ咲学園スクールアイドル同好会,R3BIRTH,13,"pink:2,yellow:2,green:2",,4,P+,PL!N-bp7-011-P＋,,,,<自動> このカードがデッキから控え室に置かれたとき、手札を1枚控え室に置いてもよい。そうしたとき、控え室からこのカードを手札に加える。 <常時> このカードをプレイする際、自分の控え室にあるすべてのメンバーカードをシャッフルし、デッキの下に置いてもよい。そうしたとき、このカードのコストは２減る。 <ライブ成功時> 自分の控え室にある『虹ヶ咲』のカード1枚をデッキの一番上に置いてもよい。,https://llofficial-cardgame.com/wordpress/wp-content/images/cardlist/BP07/PL!N-bp7-011-P2.png
天王寺璃奈,Tennoji Rina,ブースターパック MELLOW MOMENT,メンバー,ラブライブ！虹ヶ咲学園スクールアイドル同好会,QU4RTZ,4,"yellow:1,green:1",green,,P,PL!N-bp7-009-P,,,,<登場> 自分と相手はそれぞれ、自身のデッキの上からカードを7枚控え室に置く。,https://llofficial-cardgame.com/wordpress/wp-content/images/cardlist/BP07/PL!N-bp7-009-P.png
ミア・テイラー,Mia Taylor,ブースターパック MELLOW MOMENT,メンバー,ラブライブ！虹ヶ咲学園スクールアイドル同好会,R3BIRTH,13,"pink:2,yellow:2,green:2",,4,SEC,PL!N-bp7-011-SEC,,,,<自動> このカードがデッキから控え室に置かれたとき、手札を1枚控え室に置いてもよい。そうしたとき、控え室からこのカードを手札に加える。 <常時> このカードをプレイする際、自分の控え室にあるすべてのメンバーカードをシャッフルし、デッキの下に置いてもよい。そうしたとき、このカードのコストは２減る。 <ライブ成功時> 自分の控え室にある『虹ヶ咲』のカード1枚をデッキの一番上に置いてもよい。,https://llofficial-cardgame.com/wordpress/wp-content/images/cardlist/BP07/PL!N-bp7-011-SEC.png
鐘 嵐珠,Zhong Lanzhu,ブースターパック MELLOW MOMENT,メンバー,ラブライブ！虹ヶ咲学園スクールアイドル同好会,R3BIRTH,7,"pink:1,blue:1",,3,P,PL!N-bp7-012-P,,,,<ライブ開始時> 『虹ヶ咲』のメンバー1人をウェイトにしてもよい：好きなハートの色を1つ指定する。ライブ終了時まで、そのハートを1つ得る。,https://llofficial-cardgame.com/wordpress/wp-content/images/cardlist/BP07/PL!N-bp7-012-P.png
鐘 嵐珠,Zhong Lanzhu,ブースターパック MELLOW MOMENT,メンバー,ラブライブ！虹ヶ咲学園スクールアイドル同好会,R3BIRTH,7,"pink:1,blue:1",,3,R,PL!N-bp7-012-R,,,,<ライブ開始時> 『虹ヶ咲』のメンバー1人をウェイトにしてもよい：好きなハートの色を1つ指定する。ライブ終了時まで、そのハートを1つ得る。,https://llofficial-cardgame.com/wordpress/wp-content/images/cardlist/BP07/PL!N-bp7-012-R.png
上原歩夢,Uehara Ayumu,ブースターパック MELLOW MOMENT,メンバー,ラブライブ！虹ヶ咲学園スクールアイドル同好会,A・ZU・NA,2,pink:1,pink,1,N,PL!N-bp7-013-N,,,,<登場> 自分のステージに『A・ZU・NA』のメンバーが3人いる場合、カードを1枚引く。,https://llofficial-cardgame.com/wordpress/wp-content/images/cardlist/BP07/PL!N-bp7-013-N.png
桜坂しずく,Osaka Shizuku,ブースターパック MELLOW MOMENT,メンバー,ラブライブ！虹ヶ咲学園スクールアイドル同好会,A・ZU・NA,2,red:1,red,1,N,PL!N-bp7-015-N,,,,<起動> このメンバーをステージから控え室に置く：自分の控え室からメンバーカードを1枚手札に加える。,https://llofficial-cardgame.com/wordpress/wp-content/images/cardlist/BP07/PL!N-bp7-015-N.png
中須かすみ,Nakasu Kasumi,ブースターパック MELLOW MOMENT,メンバー,ラブライブ！虹ヶ咲学園スクールアイドル同好会,QU4RTZ,7,"pink:1,yellow:1,purple:1",,1,N,PL!N-bp7-014-N,,,,<自動> このメンバーがステージから控え室に置かれたとき、自分の控え室にある『虹ヶ咲』のライブカードを1枚手札に加える。,https://llofficial-cardgame.com/wordpress/wp-content/images/cardlist/BP07/PL!N-bp7-014-N.png
近江彼方,Konoe Kanata,ブースターパック MELLOW MOMENT,メンバー,ラブライブ！虹ヶ咲学園スクールアイドル同好会,QU4RTZ,4,yellow:1,yellow,2,N,PL!N-bp7-018-N,,,,<登場> 手札を1枚控え室に置いてもよい：自分のデッキの上からカードを5枚見る。その中からブレードハートを持たない『虹ヶ咲』のメンバーカードを1枚公開して手札に加えてもよい。残りを控え室に置く。,https://llofficial-cardgame.com/wordpress/wp-content/images/cardlist/BP07/PL!N-bp7-018-N.png
優木せつ菜,Yuki Setsuna,ブースターパック MELLOW MOMENT,メンバー,ラブライブ！虹ヶ咲学園スクールアイドル同好会,A・ZU・NA,9,"pink:1,red:1,yellow:1",,3,N,PL!N-bp7-019-N,,,,<自動> このメンバーがステージから控え室に置かれたとき、このメンバーが『虹ヶ咲』のメンバーとバトンタッチしていた場合、自分のエネルギーデッキから、エネルギーカード1枚をこのバトンタッチで登場したメンバーの下に置く。,https://llofficial-cardgame.com/wordpress/wp-content/images/cardlist/BP07/PL!N-bp7-019-N.png
宮下 愛,Miyashita Ai,ブースターパック MELLOW MOMENT,メンバー,ラブライブ！虹ヶ咲学園スクールアイドル同好会,DiverDiva,2,red:1,red,1,N,PL!N-bp7-017-N,,,,<登場> 自分のエネルギーデッキから、エネルギーカード1枚を自分のステージにいる『虹ヶ咲』のメンバーの下に置いてもよい。,https://llofficial-cardgame.com/wordpress/wp-content/images/cardlist/BP07/PL!N-bp7-017-N.png
朝香果林,Asaka Karin,ブースターパック MELLOW MOMENT,メンバー,ラブライブ！虹ヶ咲学園スクールアイドル同好会,DiverDiva,4,,blue,3,N,PL!N-bp7-016-N,,,,<ライブ開始時> <E> 支払ってもよい：好きなハートの色を1つ指定する。ライブ終了時まで、そのハートを1つ得る。,https://llofficial-cardgame.com/wordpress/wp-content/images/cardlist/BP07/PL!N-bp7-016-N.png
天王寺璃奈,Tennoji Rina,ブースターパック MELLOW MOMENT,メンバー,ラブライブ！虹ヶ咲学園スクールアイドル同好会,QU4RTZ,2,purple:1,purple,1,N,PL!N-bp7-021-N,,,,<起動> このメンバーをステージから控え室に置く：自分の控え室からライブカードを1枚手札に加える。,https://llofficial-cardgame.com/wordpress/wp-content/images/cardlist/BP07/PL!N-bp7-021-N.png
三船栞子,Mifune Shioriko,ブースターパック MELLOW MOMENT,メンバー,ラブライブ！虹ヶ咲学園スクールアイドル同好会,R3BIRTH,4,green:1,green,2,N,PL!N-bp7-022-N,,,,<自動> <ターン1回> ライブフェイズの間、自分のステージにいる『虹ヶ咲』のメンバー1人がウェイト状態になったとき、手札を1枚控え室に置いてもよい。そうしたとき、そのメンバーをアクティブにする。,https://llofficial-cardgame.com/wordpress/wp-content/images/cardlist/BP07/PL!N-bp7-022-N.png
ミア・テイラー,Mia Taylor,ブースターパック MELLOW MOMENT,メンバー,ラブライブ！虹ヶ咲学園スクールアイドル同好会,R3BIRTH,11,"pink:1,yellow:2,green:2",yellow,2,N,PL!N-bp7-023-N,,,,<起動> <ターン1回> このメンバーをウェイトにする：カードを2枚引き、手札を2枚控え室に置く。,https://llofficial-cardgame.com/wordpress/wp-content/images/cardlist/BP07/PL!N-bp7-023-N.png
鐘 嵐珠,Zhong Lanzhu,ブースターパック MELLOW MOMENT,メンバー,ラブライブ！虹ヶ咲学園スクールアイドル同好会,R3BIRTH,4,pink:1,pink,2,N,PL!N-bp7-024-N,,,,<登場> 自分のステージに『R3BIRTH』のメンバーが3人いる場合、ライブ終了時まで、 pink を得る。,https://llofficial-cardgame.com/wordpress/wp-content/images/cardlist/BP07/PL!N-bp7-024-N.png
エマ・ヴェルデ,Emma Verde,ブースターパック MELLOW MOMENT,メンバー,ラブライブ！虹ヶ咲学園スクールアイドル同好会,QU4RTZ,5,"pink:1,yellow:1",,2,N,PL!N-bp7-020-N,,,,<登場> 自分のデッキの上からカードを3枚控え室に置く。それらのメンバーカードの中に2種類以上のブレードハートの色がある場合、ライブ終了時まで、 green を得る。,https://llofficial-cardgame.com/wordpress/wp-content/images/cardlist/BP07/PL!N-bp7-020-N.png
Colorful Dreams! Colorful Smiles!,,ブースターパック MELLOW MOMENT,ライブ,ラブライブ！虹ヶ咲学園スクールアイドル同好会,,,,all,,SECL,PL!N-bp7-025-SECL,"pink:1,yellow:1,blue:1,grey:1",,1,<ライブ開始時> ライブ終了時まで、自分のステージにいる『虹ヶ咲』のメンバー1人は、 <ブレード> を得る。 <ライブ成功時> エールにより公開された自分のカードの中に pink 、 red 、 yellow 、 green 、 blue 、 purple のうち、3種類以上ある場合、このカードのスコアを＋１する。,https://llofficial-cardgame.com/wordpress/wp-content/images/cardlist/BP07/PL!N-bp7-025-SECL.png
Just Believe!!!,,ブースターパック MELLOW MOMENT,ライブ,ラブライブ！虹ヶ咲学園スクールアイドル同好会,,,,purple,,SECL,PL!N-bp7-026-SECL,"red:2,green:2,purple:2,grey:6",ドロー,5,<ライブ開始時> 手札を2枚まで控え室に置いてもよい：自分のステージにいる『虹ヶ咲』のメンバーを、これにより控え室に置いたカードの枚数に等しい数まで選ぶ。ライブ終了時まで、それらは <ブレード> を得る。 <ライブ成功時> エールにより公開された自分のカードの中に、ブレードハートを持たないメンバーカードが2枚以上ある場合、このカードのスコアを＋１する。,https://llofficial-cardgame.com/wordpress/wp-content/images/cardlist/BP07/PL!N-bp7-026-SECL.png
オードリー,,ブースターパック MELLOW MOMENT,ライブ,ラブライブ！虹ヶ咲学園スクールアイドル同好会,,,,all,,L,PL!N-bp7-027-L,"red:1,blue:3,grey:1",,2,<ライブ成功時> 自分のステージにいる『虹ヶ咲』のメンバー1人を選ぶ。そのメンバーが、自分と相手のステージにいるほかのすべてのメンバーより多くの <ブレード> を持つ場合、このカードのスコアを＋１する。,https://llofficial-cardgame.com/wordpress/wp-content/images/cardlist/BP07/PL!N-bp7-027-L.png
Cooking with Love,,ブースターパック MELLOW MOMENT,ライブ,ラブライブ！虹ヶ咲学園スクールアイドル同好会,,,,,,L,PL!N-bp7-028-L,"pink:4,red:3,purple:5,grey:4",スコア,7,<ライブ開始時> 自分の控え室に『虹ヶ咲』のライブカードと、ブレードハートを持たない『虹ヶ咲』のメンバーカードがある場合、自分の控え室にあるすべてのカードをシャッフルし、デッキの下に置いてもよい。そうしたとき、ライブ終了時まで、自分のステージにいるすべての『虹ヶ咲』のメンバーは pink を得る。,https://llofficial-cardgame.com/wordpress/wp-content/images/cardlist/BP07/PL!N-bp7-028-L.png
Just Believe!!!,,ブースターパック MELLOW MOMENT,ライブ,ラブライブ！虹ヶ咲学園スクールアイドル同好会,,,,purple,,L,PL!N-bp7-026-L,"red:2,green:2,purple:2,grey:6",ドロー,5,<ライブ開始時> 手札を2枚まで控え室に置いてもよい：自分のステージにいる『虹ヶ咲』のメンバーを、これにより控え室に置いたカードの枚数に等しい数まで選ぶ。ライブ終了時まで、それらは <ブレード> を得る。 <ライブ成功時> エールにより公開された自分のカードの中に、ブレードハートを持たないメンバーカードが2枚以上ある場合、このカードのスコアを＋１する。,https://llofficial-cardgame.com/wordpress/wp-content/images/cardlist/BP07/PL!N-bp7-026-L.png
Cheer Mode,,ブースターパック MELLOW MOMENT,ライブ,ラブライブ！虹ヶ咲学園スクールアイドル同好会,,,,b_heart07,,L,PL!N-bp7-030-L,"green:1,grey:1",,0,<ライブ成功時> 自分のデッキの上からカードを3枚見る。その中から好きな枚数を好きな順番でデッキの上に置き、残りを控え室に置く。 <ライブ成功時> このカードをライブカード置き場から手札に戻す。その後、手札を1枚控え室に置く。,https://llofficial-cardgame.com/wordpress/wp-content/images/cardlist/BP07/PL!N-bp7-030-L.png
Like a Treasure,,ブースターパック MELLOW MOMENT,ライブ,ラブライブ！虹ヶ咲学園スクールアイドル同好会,,,,yellow,,L,PL!N-bp7-031-L,"pink:2,yellow:2,green:2,grey:6",ドロー,5,<ライブ成功時> 自分のデッキの上からカードを3枚控え室に置く。 <自動> <ターン1回> 自分の <ライブ成功時> 能力によって、カードが自分のデッキから自分の控え室に置かれるたび、それらのカードの中から『虹ヶ咲』のライブカードを1枚手札に加えてもよい。そうしたとき、このカードのスコアを＋１する。,https://llofficial-cardgame.com/wordpress/wp-content/images/cardlist/BP07/PL!N-bp7-031-L.png
Colorful Dreams! Colorful Smiles!,,ブースターパック MELLOW MOMENT,ライブ,ラブライブ！虹ヶ咲学園スクールアイドル同好会,,,,all,,L,PL!N-bp7-025-L,"pink:1,yellow:1,blue:1,grey:1",,1,<ライブ開始時> ライブ終了時まで、自分のステージにいる『虹ヶ咲』のメンバー1人は、 <ブレード> を得る。 <ライブ成功時> エールにより公開された自分のカードの中に pink 、 red 、 yellow 、 green 、 blue 、 purple のうち、3種類以上ある場合、このカードのスコアを＋１する。,https://llofficial-cardgame.com/wordpress/wp-content/images/cardlist/BP07/PL!N-bp7-025-L.png
桜坂しずく,Osaka Shizuku,ブースターパック MELLOW MOMENT,エネルギー,ラブライブ！虹ヶ咲学園スクールアイドル同好会,A・ZU・NA,,,,,SECE,PL!N-bp7-E01-SECE,,,,,https://llofficial-cardgame.com/wordpress/wp-content/images/cardlist/BP07/PL!N-bp7-E01-SECE.png
Burn!!,,ブースターパック MELLOW MOMENT,ライブ,ラブライブ！虹ヶ咲学園スクールアイドル同好会,,,,all,,L,PL!N-bp7-029-L,"red:7,grey:7",,7,<ライブ成功時> 自分のステージにいるメンバー1人の下にあるすべてのエネルギーカードを、自分のエネルギー置き場にウェイト状態で置いてもよい。これによりエネルギーカードを1枚以上置いており、かつ自分のエネルギーが10枚以上ある場合、このカードのスコアを＋１する。,https://llofficial-cardgame.com/wordpress/wp-content/images/cardlist/BP07/PL!N-bp7-029-L.png
優木せつ菜,Yuki Setsuna,ブースターパック MELLOW MOMENT,エネルギー,ラブライブ！虹ヶ咲学園スクールアイドル同好会,A・ZU・NA,,,,,SECE,PL!N-bp7-E03-SECE,,,,,https://llofficial-cardgame.com/wordpress/wp-content/images/cardlist/BP07/PL!N-bp7-E03-SECE.png
ミア・テイラー,Mia Taylor,ブースターパック MELLOW MOMENT,エネルギー,ラブライブ！虹ヶ咲学園スクールアイドル同好会,R3BIRTH,,,,,SECE,PL!N-bp7-E04-SECE,,,,,https://llofficial-cardgame.com/wordpress/wp-content/images/cardlist/BP07/PL!N-bp7-E04-SECE.png
近江彼方,Konoe Kanata,ブースターパック MELLOW MOMENT,エネルギー,ラブライブ！虹ヶ咲学園スクールアイドル同好会,QU4RTZ,,,,,SECE,PL!N-bp7-E02-SECE,,,,,https://llofficial-cardgame.com/wordpress/wp-content/images/cardlist/BP07/PL!N-bp7-E02-SECE.png
上原歩夢,Uehara Ayumu,ブースターパック MELLOW MOMENT,エネルギー,ラブライブ！虹ヶ咲学園スクールアイドル同好会,A・ZU・NA,,,,,PE,PL!N-bp7-E05-PE,,,,,https://llofficial-cardgame.com/wordpress/wp-content/images/cardlist/BP07/PL!N-bp7-E05-PE.png
中須かすみ,Nakasu Kasumi,ブースターパック MELLOW MOMENT,エネルギー,ラブライブ！虹ヶ咲学園スクールアイドル同好会,QU4RTZ,,,,,PE,PL!N-bp7-E06-PE,,,,,https://llofficial-cardgame.com/wordpress/wp-content/images/cardlist/BP07/PL!N-bp7-E06-PE.png
中須かすみ,Nakasu Kasumi,ブースターパック MELLOW MOMENT,エネルギー,ラブライブ！虹ヶ咲学園スクールアイドル同好会,QU4RTZ,,,,,PE+,PL!N-bp7-E06-PE＋,,,,,https://llofficial-cardgame.com/wordpress/wp-content/images/cardlist/BP07/PL!N-bp7-E06-PE2.png
上原歩夢,Uehara Ayumu,ブースターパック MELLOW MOMENT,エネルギー,ラブライブ！虹ヶ咲学園スクールアイドル同好会,A・ZU・NA,,,,,PE+,PL!N-bp7-E05-PE＋,,,,,https://llofficial-cardgame.com/wordpress/wp-content/images/cardlist/BP07/PL!N-bp7-E05-PE2.png
近江彼方,Konoe Kanata,ブースターパック MELLOW MOMENT,エネルギー,ラブライブ！虹ヶ咲学園スクールアイドル同好会,QU4RTZ,,,,,PE,PL!N-bp7-E07-PE,,,,,https://llofficial-cardgame.com/wordpress/wp-content/images/cardlist/BP07/PL!N-bp7-E07-PE.png
近江彼方,Konoe Kanata,ブースターパック MELLOW MOMENT,エネルギー,ラブライブ！虹ヶ咲学園スクールアイドル同好会,QU4RTZ,,,,,PE+,PL!N-bp7-E07-PE＋,,,,,https://llofficial-cardgame.com/wordpress/wp-content/images/cardlist/BP07/PL!N-bp7-E07-PE2.png
ミア・テイラー,Mia Taylor,ブースターパック MELLOW MOMENT,エネルギー,ラブライブ！虹ヶ咲学園スクールアイドル同好会,R3BIRTH,,,,,PE,PL!N-bp7-E08-PE,,,,,https://llofficial-cardgame.com/wordpress/wp-content/images/cardlist/BP07/PL!N-bp7-E08-PE.png
ミア・テイラー,Mia Taylor,ブースターパック MELLOW MOMENT,エネルギー,ラブライブ！虹ヶ咲学園スクールアイドル同好会,R3BIRTH,,,,,PE+,PL!N-bp7-E08-PE＋,,,,,https://llofficial-cardgame.com/wordpress/wp-content/images/cardlist/BP07/PL!N-bp7-E08-PE2.png
澁谷かのん,Shibuya Kanon,ブースターパック MELLOW MOMENT,メンバー,ラブライブ！スーパースター!!,CatChu!,10,"red:1,yellow:3,purple:1",,2,P,PL!SP-bp7-001-P,,,,<常時> このカードが『Liella!』のメンバーの下に置かれているかぎり、そのメンバーは <ブレード> を得る。 <自動> このメンバーがステージから控え室に置かれたとき、バトンタッチしていた場合、このカードをそのバトンタッチで登場したメンバーの下に置く。,https://llofficial-cardgame.com/wordpress/wp-content/images/cardlist/BP07/PL!SP-bp7-001-P.png
唐 可可,Tang Keke,ブースターパック MELLOW MOMENT,メンバー,ラブライブ！スーパースター!!,KALEIDOSCORE,2,purple:1,,1,P,PL!SP-bp7-002-P,,,,<常時> 自分のエネルギーが7枚以上あり、かつ自分のエネルギーが相手より多いかぎり、ステージにいるこのメンバーのコストを＋２する。,https://llofficial-cardgame.com/wordpress/wp-content/images/cardlist/BP07/PL!SP-bp7-002-P.png
嵐 千砂都,Arashi Chisato,ブースターパック MELLOW MOMENT,メンバー,ラブライブ！スーパースター!!,5yncri5e!,10,"red:1,yellow:1,purple:2",,2,R+,PL!SP-bp7-003-R＋,,,,<常時> このメンバーの下に置かれているメンバーカード1枚につき、 <ブレード> を得る。 <常時> このメンバーの下にメンバーカードが3枚以上置かれているかぎり、ライブの合計スコアを＋１する。 <起動> <ターン1回> 手札のコストが10か20のメンバーカードを1枚公開する：これにより公開したカードをこのメンバーの下に置く。その後、カードを2枚引く。,https://llofficial-cardgame.com/wordpress/wp-content/images/cardlist/BP07/PL!SP-bp7-003-R2.png
唐 可可,Tang Keke,ブースターパック MELLOW MOMENT,メンバー,ラブライブ！スーパースター!!,KALEIDOSCORE,2,purple:1,,1,R,PL!SP-bp7-002-R,,,,<常時> 自分のエネルギーが7枚以上あり、かつ自分のエネルギーが相手より多いかぎり、ステージにいるこのメンバーのコストを＋２する。,https://llofficial-cardgame.com/wordpress/wp-content/images/cardlist/BP07/PL!SP-bp7-002-R.png
澁谷かのん,Shibuya Kanon,ブースターパック MELLOW MOMENT,メンバー,ラブライブ！スーパースター!!,CatChu!,10,"red:1,yellow:3,purple:1",,2,R,PL!SP-bp7-001-R,,,,<常時> このカードが『Liella!』のメンバーの下に置かれているかぎり、そのメンバーは <ブレード> を得る。 <自動> このメンバーがステージから控え室に置かれたとき、バトンタッチしていた場合、このカードをそのバトンタッチで登場したメンバーの下に置く。,https://llofficial-cardgame.com/wordpress/wp-content/images/cardlist/BP07/PL!SP-bp7-001-R.png
嵐 千砂都,Arashi Chisato,ブースターパック MELLOW MOMENT,メンバー,ラブライブ！スーパースター!!,5yncri5e!,10,"red:1,yellow:1,purple:2",,2,SEC,PL!SP-bp7-003-SEC,,,,<常時> このメンバーの下に置かれているメンバーカード1枚につき、 <ブレード> を得る。 <常時> このメンバーの下にメンバーカードが3枚以上置かれているかぎり、ライブの合計スコアを＋１する。 <起動> <ターン1回> 手札のコストが10か20のメンバーカードを1枚公開する：これにより公開したカードをこのメンバーの下に置く。その後、カードを2枚引く。,https://llofficial-cardgame.com/wordpress/wp-content/images/cardlist/BP07/PL!SP-bp7-003-SEC.png
嵐 千砂都,Arashi Chisato,ブースターパック MELLOW MOMENT,メンバー,ラブライブ！スーパースター!!,5yncri5e!,10,"red:1,yellow:1,purple:2",,2,P+,PL!SP-bp7-003-P＋,,,,<常時> このメンバーの下に置かれているメンバーカード1枚につき、 <ブレード> を得る。 <常時> このメンバーの下にメンバーカードが3枚以上置かれているかぎり、ライブの合計スコアを＋１する。 <起動> <ターン1回> 手札のコストが10か20のメンバーカードを1枚公開する：これにより公開したカードをこのメンバーの下に置く。その後、カードを2枚引く。,https://llofficial-cardgame.com/wordpress/wp-content/images/cardlist/BP07/PL!SP-bp7-003-P2.png
平安名すみれ,Heanna Sumire,ブースターパック MELLOW MOMENT,メンバー,ラブライブ！スーパースター!!,CatChu!,13,"red:3,yellow:2,purple:2",yellow,2,P,PL!SP-bp7-004-P,,,,<ライブ開始時> 自分の控え室から『Liella!』のメンバーカード3枚を好きな順番でデッキの一番下に置いてもよい。これによりデッキの下に置いたカードの中にブレードハートを持たないメンバーカードが1枚以上ある場合、ライブ終了時まで、 <ブレード> <ブレード> を得る。,https://llofficial-cardgame.com/wordpress/wp-content/images/cardlist/BP07/PL!SP-bp7-004-P.png
平安名すみれ,Heanna Sumire,ブースターパック MELLOW MOMENT,メンバー,ラブライブ！スーパースター!!,CatChu!,13,"red:3,yellow:2,purple:2",yellow,2,R,PL!SP-bp7-004-R,,,,<ライブ開始時> 自分の控え室から『Liella!』のメンバーカード3枚を好きな順番でデッキの一番下に置いてもよい。これによりデッキの下に置いたカードの中にブレードハートを持たないメンバーカードが1枚以上ある場合、ライブ終了時まで、 <ブレード> <ブレード> を得る。,https://llofficial-cardgame.com/wordpress/wp-content/images/cardlist/BP07/PL!SP-bp7-004-R.png
葉月 恋,Hazuki Ren,ブースターパック MELLOW MOMENT,メンバー,ラブライブ！スーパースター!!,KALEIDOSCORE,9,"red:1,yellow:2,purple:1",,2,R+,PL!SP-bp7-005-R＋,,,,<自動> <ターン1回> このメンバーが登場するか、自分のエネルギーがエネルギー置き場からエネルギーデッキに置かれたとき、自分のエネルギーデッキから、エネルギーカードを1枚ウェイト状態で置く。そのエネルギーカードは、次のターンのアクティブフェイズにアクティブしない。 <自動> <ターン2回> 自分のカードの効果によって、自分のエネルギー置き場にエネルギーが置かれたとき、ライブ終了時まで、 <ブレード> を得る。,https://llofficial-cardgame.com/wordpress/wp-content/images/cardlist/BP07/PL!SP-bp7-005-R2.png
葉月 恋,Hazuki Ren,ブースターパック MELLOW MOMENT,メンバー,ラブライブ！スーパースター!!,KALEIDOSCORE,9,"red:1,yellow:2,purple:1",,2,P,PL!SP-bp7-005-P,,,,<自動> <ターン1回> このメンバーが登場するか、自分のエネルギーがエネルギー置き場からエネルギーデッキに置かれたとき、自分のエネルギーデッキから、エネルギーカードを1枚ウェイト状態で置く。そのエネルギーカードは、次のターンのアクティブフェイズにアクティブしない。 <自動> <ターン2回> 自分のカードの効果によって、自分のエネルギー置き場にエネルギーが置かれたとき、ライブ終了時まで、 <ブレード> を得る。,https://llofficial-cardgame.com/wordpress/wp-content/images/cardlist/BP07/PL!SP-bp7-005-P.png
嵐 千砂都,Arashi Chisato,ブースターパック MELLOW MOMENT,メンバー,ラブライブ！スーパースター!!,5yncri5e!,10,"red:1,yellow:1,purple:2",,2,P,PL!SP-bp7-003-P,,,,<常時> このメンバーの下に置かれているメンバーカード1枚につき、 <ブレード> を得る。 <常時> このメンバーの下にメンバーカードが3枚以上置かれているかぎり、ライブの合計スコアを＋１する。 <起動> <ターン1回> 手札のコストが10か20のメンバーカードを1枚公開する：これにより公開したカードをこのメンバーの下に置く。その後、カードを2枚引く。,https://llofficial-cardgame.com/wordpress/wp-content/images/cardlist/BP07/PL!SP-bp7-003-P.png
葉月 恋,Hazuki Ren,ブースターパック MELLOW MOMENT,メンバー,ラブライブ！スーパースター!!,KALEIDOSCORE,9,"red:1,yellow:2,purple:1",,2,P+,PL!SP-bp7-005-P＋,,,,<自動> <ターン1回> このメンバーが登場するか、自分のエネルギーがエネルギー置き場からエネルギーデッキに置かれたとき、自分のエネルギーデッキから、エネルギーカードを1枚ウェイト状態で置く。そのエネルギーカードは、次のターンのアクティブフェイズにアクティブしない。 <自動> <ターン2回> 自分のカードの効果によって、自分のエネルギー置き場にエネルギーが置かれたとき、ライブ終了時まで、 <ブレード> を得る。,https://llofficial-cardgame.com/wordpress/wp-content/images/cardlist/BP07/PL!SP-bp7-005-P2.png
桜小路きな子,Sakurakoji Kinako,ブースターパック MELLOW MOMENT,メンバー,ラブライブ！スーパースター!!,5yncri5e!,15,"red:2,yellow:3,purple:2",,6,R+,PL!SP-bp7-006-R＋,,,,<登場> エネルギー置き場にあるエネルギー1枚をエネルギーデッキに置いてもよい：自分の控え室にある『Liella!』のメンバーカードを1枚手札に加える。 <ライブ成功時> <センター> このターン、自分のエネルギーがエネルギー置き場からエネルギーデッキに置かれていた場合、ライブの合計スコアを＋１する。,https://llofficial-cardgame.com/wordpress/wp-content/images/cardlist/BP07/PL!SP-bp7-006-R2.png
桜小路きな子,Sakurakoji Kinako,ブースターパック MELLOW MOMENT,メンバー,ラブライブ！スーパースター!!,5yncri5e!,15,"red:2,yellow:3,purple:2",,6,P,PL!SP-bp7-006-P,,,,<登場> エネルギー置き場にあるエネルギー1枚をエネルギーデッキに置いてもよい：自分の控え室にある『Liella!』のメンバーカードを1枚手札に加える。 <ライブ成功時> <センター> このターン、自分のエネルギーがエネルギー置き場からエネルギーデッキに置かれていた場合、ライブの合計スコアを＋１する。,https://llofficial-cardgame.com/wordpress/wp-content/images/cardlist/BP07/PL!SP-bp7-006-P.png
葉月 恋,Hazuki Ren,ブースターパック MELLOW MOMENT,メンバー,ラブライブ！スーパースター!!,KALEIDOSCORE,9,"red:1,yellow:2,purple:1",,2,SEC,PL!SP-bp7-005-SEC,,,,<自動> <ターン1回> このメンバーが登場するか、自分のエネルギーがエネルギー置き場からエネルギーデッキに置かれたとき、自分のエネルギーデッキから、エネルギーカードを1枚ウェイト状態で置く。そのエネルギーカードは、次のターンのアクティブフェイズにアクティブしない。 <自動> <ターン2回> 自分のカードの効果によって、自分のエネルギー置き場にエネルギーが置かれたとき、ライブ終了時まで、 <ブレード> を得る。,https://llofficial-cardgame.com/wordpress/wp-content/images/cardlist/BP07/PL!SP-bp7-005-SEC.png
米女メイ,Yoneme Mei,ブースターパック MELLOW MOMENT,メンバー,ラブライブ！スーパースター!!,CatChu!,17,"red:2,yellow:2,purple:2",red,6,P,PL!SP-bp7-007-P,,,,<ライブ開始時> エネルギー置き場にあるエネルギー2枚をエネルギーデッキに置いてもよい：ライブ終了時まで、 <ブレード> <ブレード> <ブレード> を得る。 <ライブ成功時> 自分のエネルギーデッキから、エネルギーカードを2枚ウェイト状態で置く。それらのエネルギーカードは、次のターンのアクティブフェイズにアクティブしない。 <ライブ成功時> 自分のエネルギーが相手より多い場合、エネルギーを6枚アクティブにする。,https://llofficial-cardgame.com/wordpress/wp-content/images/cardlist/BP07/PL!SP-bp7-007-P.png
米女メイ,Yoneme Mei,ブースターパック MELLOW MOMENT,メンバー,ラブライブ！スーパースター!!,CatChu!,17,"red:2,yellow:2,purple:2",red,6,P+,PL!SP-bp7-007-P＋,,,,<ライブ開始時> エネルギー置き場にあるエネルギー2枚をエネルギーデッキに置いてもよい：ライブ終了時まで、 <ブレード> <ブレード> <ブレード> を得る。 <ライブ成功時> 自分のエネルギーデッキから、エネルギーカードを2枚ウェイト状態で置く。それらのエネルギーカードは、次のターンのアクティブフェイズにアクティブしない。 <ライブ成功時> 自分のエネルギーが相手より多い場合、エネルギーを6枚アクティブにする。,https://llofficial-cardgame.com/wordpress/wp-content/images/cardlist/BP07/PL!SP-bp7-007-P2.png
桜小路きな子,Sakurakoji Kinako,ブースターパック MELLOW MOMENT,メンバー,ラブライブ！スーパースター!!,5yncri5e!,15,"red:2,yellow:3,purple:2",,6,P+,PL!SP-bp7-006-P＋,,,,<登場> エネルギー置き場にあるエネルギー1枚をエネルギーデッキに置いてもよい：自分の控え室にある『Liella!』のメンバーカードを1枚手札に加える。 <ライブ成功時> <センター> このターン、自分のエネルギーがエネルギー置き場からエネルギーデッキに置かれていた場合、ライブの合計スコアを＋１する。,https://llofficial-cardgame.com/wordpress/wp-content/images/cardlist/BP07/PL!SP-bp7-006-P2.png
桜小路きな子,Sakurakoji Kinako,ブースターパック MELLOW MOMENT,メンバー,ラブライブ！スーパースター!!,5yncri5e!,15,"red:2,yellow:3,purple:2",,6,SEC,PL!SP-bp7-006-SEC,,,,<登場> エネルギー置き場にあるエネルギー1枚をエネルギーデッキに置いてもよい：自分の控え室にある『Liella!』のメンバーカードを1枚手札に加える。 <ライブ成功時> <センター> このターン、自分のエネルギーがエネルギー置き場からエネルギーデッキに置かれていた場合、ライブの合計スコアを＋１する。,https://llofficial-cardgame.com/wordpress/wp-content/images/cardlist/BP07/PL!SP-bp7-006-SEC.png
米女メイ,Yoneme Mei,ブースターパック MELLOW MOMENT,メンバー,ラブライブ！スーパースター!!,CatChu!,17,"red:2,yellow:2,purple:2",red,6,R+,PL!SP-bp7-007-R＋,,,,<ライブ開始時> エネルギー置き場にあるエネルギー2枚をエネルギーデッキに置いてもよい：ライブ終了時まで、 <ブレード> <ブレード> <ブレード> を得る。 <ライブ成功時> 自分のエネルギーデッキから、エネルギーカードを2枚ウェイト状態で置く。それらのエネルギーカードは、次のターンのアクティブフェイズにアクティブしない。 <ライブ成功時> 自分のエネルギーが相手より多い場合、エネルギーを6枚アクティブにする。,https://llofficial-cardgame.com/wordpress/wp-content/images/cardlist/BP07/PL!SP-bp7-007-R2.png
若菜四季,Wakana Shiki,ブースターパック MELLOW MOMENT,メンバー,ラブライブ！スーパースター!!,5yncri5e!,11,"red:1,yellow:1,purple:2",purple,4,R,PL!SP-bp7-008-R,,,,<起動> このメンバーをウェイトにする：カードを1枚引く。 <自動> ウェイト状態のこのメンバーがエリアを移動したとき、このメンバーをアクティブにする。,https://llofficial-cardgame.com/wordpress/wp-content/images/cardlist/BP07/PL!SP-bp7-008-R.png
若菜四季,Wakana Shiki,ブースターパック MELLOW MOMENT,メンバー,ラブライブ！スーパースター!!,5yncri5e!,11,"red:1,yellow:1,purple:2",purple,4,P,PL!SP-bp7-008-P,,,,<起動> このメンバーをウェイトにする：カードを1枚引く。 <自動> ウェイト状態のこのメンバーがエリアを移動したとき、このメンバーをアクティブにする。,https://llofficial-cardgame.com/wordpress/wp-content/images/cardlist/BP07/PL!SP-bp7-008-P.png
鬼塚夏美,Onitsuka Natsumi,ブースターパック MELLOW MOMENT,メンバー,ラブライブ！スーパースター!!,5yncri5e!,13,"red:2,yellow:2,purple:2",red,3,R,PL!SP-bp7-009-R,,,,<常時> <左サイド> <右サイド> red を得る。 <ライブ開始時> <センター> 相手のステージにいる元々持つ <ブレード> の数が2つ以下のメンバー1人をウェイトにする。,https://llofficial-cardgame.com/wordpress/wp-content/images/cardlist/BP07/PL!SP-bp7-009-R.png
米女メイ,Yoneme Mei,ブースターパック MELLOW MOMENT,メンバー,ラブライブ！スーパースター!!,CatChu!,17,"red:2,yellow:2,purple:2",red,6,SEC,PL!SP-bp7-007-SEC,,,,<ライブ開始時> エネルギー置き場にあるエネルギー2枚をエネルギーデッキに置いてもよい：ライブ終了時まで、 <ブレード> <ブレード> <ブレード> を得る。 <ライブ成功時> 自分のエネルギーデッキから、エネルギーカードを2枚ウェイト状態で置く。それらのエネルギーカードは、次のターンのアクティブフェイズにアクティブしない。 <ライブ成功時> 自分のエネルギーが相手より多い場合、エネルギーを6枚アクティブにする。,https://llofficial-cardgame.com/wordpress/wp-content/images/cardlist/BP07/PL!SP-bp7-007-SEC.png
ウィーン・マルガレーテ,Wien Margarete,ブースターパック MELLOW MOMENT,メンバー,ラブライブ！スーパースター!!,KALEIDOSCORE,2,purple:1,purple,1,R,PL!SP-bp7-010-R,,,,<起動> このメンバーをステージから控え室に置く：自分のエネルギー置き場にあるエネルギー1枚をエネルギーデッキに置く。その後、自分の控え室からカードを1枚手札に加える。,https://llofficial-cardgame.com/wordpress/wp-content/images/cardlist/BP07/PL!SP-bp7-010-R.png
ウィーン・マルガレーテ,Wien Margarete,ブースターパック MELLOW MOMENT,メンバー,ラブライブ！スーパースター!!,KALEIDOSCORE,2,purple:1,purple,1,P,PL!SP-bp7-010-P,,,,<起動> このメンバーをステージから控え室に置く：自分のエネルギー置き場にあるエネルギー1枚をエネルギーデッキに置く。その後、自分の控え室からカードを1枚手札に加える。,https://llofficial-cardgame.com/wordpress/wp-content/images/cardlist/BP07/PL!SP-bp7-010-P.png
鬼塚夏美,Onitsuka Natsumi,ブースターパック MELLOW MOMENT,メンバー,ラブライブ！スーパースター!!,5yncri5e!,13,"red:2,yellow:2,purple:2",red,3,P,PL!SP-bp7-009-P,,,,<常時> <左サイド> <右サイド> red を得る。 <ライブ開始時> <センター> 相手のステージにいる元々持つ <ブレード> の数が2つ以下のメンバー1人をウェイトにする。,https://llofficial-cardgame.com/wordpress/wp-content/images/cardlist/BP07/PL!SP-bp7-009-P.png
鬼塚冬毬,Onitsuka Tomari,ブースターパック MELLOW MOMENT,メンバー,ラブライブ！スーパースター!!,5yncri5e!,9,"red:1,yellow:1,purple:1",,4,R,PL!SP-bp7-011-R,,,,<登場> 手札をすべて控え室に置いてもよい：カードを6枚引く。,https://llofficial-cardgame.com/wordpress/wp-content/images/cardlist/BP07/PL!SP-bp7-011-R.png
澁谷かのん,Shibuya Kanon,ブースターパック MELLOW MOMENT,メンバー,ラブライブ！スーパースター!!,CatChu!,4,red:1,red,1,N,PL!SP-bp7-012-N,,,,<登場> 自分の控え室から、『CatChu!』と『KALEIDOSCORE』と『5yncri5e!』のカードをそれぞれ1枚ずつ選び、それらを好きな順番でデッキの下に置いてもよい。そうしたとき、カードを1枚引く。,https://llofficial-cardgame.com/wordpress/wp-content/images/cardlist/BP07/PL!SP-bp7-012-N.png
唐 可可,Tang Keke,ブースターパック MELLOW MOMENT,メンバー,ラブライブ！スーパースター!!,KALEIDOSCORE,15,"red:2,yellow:2,purple:2",yellow,5,N,PL!SP-bp7-013-N,,,,<常時> 自分のステージに『KALEIDOSCORE』のメンバーが3人いるかぎり、 purple <ブレード> を得る。,https://llofficial-cardgame.com/wordpress/wp-content/images/cardlist/BP07/PL!SP-bp7-013-N.png
平安名すみれ,Heanna Sumire,ブースターパック MELLOW MOMENT,メンバー,ラブライブ！スーパースター!!,CatChu!,5,"red:1,yellow:1",,2,N,PL!SP-bp7-015-N,,,,<ライブ開始時> <E> 支払ってもよい：自分のステージに『CatChu!』のメンバーが3人いる場合、カードを1枚引く。,https://llofficial-cardgame.com/wordpress/wp-content/images/cardlist/BP07/PL!SP-bp7-015-N.png
鬼塚冬毬,Onitsuka Tomari,ブースターパック MELLOW MOMENT,メンバー,ラブライブ！スーパースター!!,5yncri5e!,9,"red:1,yellow:1,purple:1",,4,P,PL!SP-bp7-011-P,,,,<登場> 手札をすべて控え室に置いてもよい：カードを6枚引く。,https://llofficial-cardgame.com/wordpress/wp-content/images/cardlist/BP07/PL!SP-bp7-011-P.png
嵐 千砂都,Arashi Chisato,ブースターパック MELLOW MOMENT,メンバー,ラブライブ！スーパースター!!,5yncri5e!,4,"yellow:1,purple:1",purple,,N,PL!SP-bp7-014-N,,,,<自動> <ターン1回> このメンバーがエリアを移動したとき、ライブ終了時まで、 <ブレード> <ブレード> を得る。,https://llofficial-cardgame.com/wordpress/wp-content/images/cardlist/BP07/PL!SP-bp7-014-N.png
米女メイ,Yoneme Mei,ブースターパック MELLOW MOMENT,メンバー,ラブライブ！スーパースター!!,CatChu!,4,yellow:1,yellow,2,N,PL!SP-bp7-018-N,,,,<登場> 手札のライブカードを1枚控え室に置いてもよい：自分のデッキの上からカードを5枚見る。その中から1枚を手札に加え、残りを控え室に置く。,https://llofficial-cardgame.com/wordpress/wp-content/images/cardlist/BP07/PL!SP-bp7-018-N.png
若菜四季,Wakana Shiki,ブースターパック MELLOW MOMENT,メンバー,ラブライブ！スーパースター!!,5yncri5e!,7,"red:1,yellow:1,purple:1",,1,N,PL!SP-bp7-019-N,,,,<登場> 自分のステージに『5yncri5e!』のメンバーが3人以上いる場合、自分の控え室からライブカードを1枚手札に加える。,https://llofficial-cardgame.com/wordpress/wp-content/images/cardlist/BP07/PL!SP-bp7-019-N.png
鬼塚夏美,Onitsuka Natsumi,ブースターパック MELLOW MOMENT,メンバー,ラブライブ！スーパースター!!,5yncri5e!,9,"red:1,yellow:2,purple:1",,2,N,PL!SP-bp7-020-N,,,,<常時> 自分のエネルギーが相手より多いかぎり、 <ブレード> <ブレード> を得る。,https://llofficial-cardgame.com/wordpress/wp-content/images/cardlist/BP07/PL!SP-bp7-020-N.png
鬼塚冬毬,Onitsuka Tomari,ブースターパック MELLOW MOMENT,メンバー,ラブライブ！スーパースター!!,5yncri5e!,2,red:1,red,1,N,PL!SP-bp7-022-N,,,,<起動> <ターン1回> エネルギー置き場にあるエネルギー1枚をエネルギーデッキに置く：このメンバーはポジションチェンジする。(このメンバーを今いるエリア以外のエリアに移動させる。そのエリアにメンバーがいる場合、そのメンバーはこのメンバーがいたエリアに移動させる。),https://llofficial-cardgame.com/wordpress/wp-content/images/cardlist/BP07/PL!SP-bp7-022-N.png
葉月 恋,Hazuki Ren,ブースターパック MELLOW MOMENT,メンバー,ラブライブ！スーパースター!!,KALEIDOSCORE,4,purple:1,purple,2,N,PL!SP-bp7-016-N,,,,<自動> <ターン1回> 自分のカードの効果によって、自分のエネルギー置き場にエネルギーが置かれたとき、ライブ終了時まで、 <ブレード> を得る。,https://llofficial-cardgame.com/wordpress/wp-content/images/cardlist/BP07/PL!SP-bp7-016-N.png
桜小路きな子,Sakurakoji Kinako,ブースターパック MELLOW MOMENT,メンバー,ラブライブ！スーパースター!!,5yncri5e!,11,"red:1,yellow:2,purple:1",yellow,4,N,PL!SP-bp7-017-N,,,,<登場> 自分のエネルギーデッキから、エネルギーカードを1枚ウェイト状態で置く。そのエネルギーカードは、次のターンのアクティブフェイズにアクティブしない。,https://llofficial-cardgame.com/wordpress/wp-content/images/cardlist/BP07/PL!SP-bp7-017-N.png
ウィーン・マルガレーテ,Wien Margarete,ブースターパック MELLOW MOMENT,メンバー,ラブライブ！スーパースター!!,KALEIDOSCORE,5,purple:2,,2,N,PL!SP-bp7-021-N,,,,<常時> 自分のエネルギーが相手より多いかぎり、 purple を得る。,https://llofficial-cardgame.com/wordpress/wp-content/images/cardlist/BP07/PL!SP-bp7-021-N.png
WE WILL!!,,ブースターパック MELLOW MOMENT,ライブ,ラブライブ！スーパースター!!,,,,all,,L,PL!SP-bp7-024-L,"red:1,yellow:1,purple:1,grey:2",,2,<ライブ成功時> 自分のエネルギーが相手より2枚以上多い場合、このカードのスコアを＋１する。,https://llofficial-cardgame.com/wordpress/wp-content/images/cardlist/BP07/PL!SP-bp7-024-L.png
WE WILL!!,,ブースターパック MELLOW MOMENT,ライブ,ラブライブ！スーパースター!!,,,,all,,SECL,PL!SP-bp7-024-SECL,"red:1,yellow:1,purple:1,grey:2",,2,<ライブ成功時> 自分のエネルギーが相手より2枚以上多い場合、このカードのスコアを＋１する。,https://llofficial-cardgame.com/wordpress/wp-content/images/cardlist/BP07/PL!SP-bp7-024-SECL.png
START!! True dreams,,ブースターパック MELLOW MOMENT,ライブ,ラブライブ！スーパースター!!,,,,all,,SECL,PL!SP-bp7-023-SECL,"yellow:1,grey:2",,1,<ライブ成功時> エールにより公開された自分のカードの中から、『Liella!』のカードを1枚デッキの一番上に置いてもよい。,https://llofficial-cardgame.com/wordpress/wp-content/images/cardlist/BP07/PL!SP-bp7-023-SECL.png
Dears,,ブースターパック MELLOW MOMENT,ライブ,ラブライブ！スーパースター!!,,,,all,,L,PL!SP-bp7-026-L,"red:1,yellow:2,purple:1,grey:3",,3,<ライブ開始時> エネルギー置き場にあるエネルギー1枚をエネルギーデッキに置いてもよい：自分のステージに「葉月 恋」がいる場合、カードを2枚引き、手札を1枚控え室に置く。,https://llofficial-cardgame.com/wordpress/wp-content/images/cardlist/BP07/PL!SP-bp7-026-L.png
Memories,,ブースターパック MELLOW MOMENT,ライブ,ラブライブ！スーパースター!!,,,,all,,L,PL!SP-bp7-025-L,"red:2,yellow:1,purple:2,grey:2",,3,<ライブ開始時> ライブ終了時まで、自分のステージにいる「嵐 千砂都」1人は <ブレード> を得る。,https://llofficial-cardgame.com/wordpress/wp-content/images/cardlist/BP07/PL!SP-bp7-025-L.png
START!! True dreams,,ブースターパック MELLOW MOMENT,ライブ,ラブライブ！スーパースター!!,,,,all,,L,PL!SP-bp7-023-L,"yellow:1,grey:2",,1,<ライブ成功時> エールにより公開された自分のカードの中から、『Liella!』のカードを1枚デッキの一番上に置いてもよい。,https://llofficial-cardgame.com/wordpress/wp-content/images/cardlist/BP07/PL!SP-bp7-023-L.png
未来の音が聴こえる,,ブースターパック MELLOW MOMENT,ライブ,ラブライブ！スーパースター!!,,,,b_heart07,,L,PL!SP-bp7-028-L,"red:3,yellow:3,purple:3,grey:12",,8,<ライブ開始時> 自分の控え室にある『Liella!』のメンバーカードを9枚選び、それらをシャッフルし、デッキの一番下に置いてもよい。そうしたとき、ライブ終了時まで、自分のステージにいるすべてのメンバーは <ブレード> を得る。 <ライブ成功時> エールにより公開された自分のカードがすべて『Liella!』の場合、このカードのスコアを＋１する。,https://llofficial-cardgame.com/wordpress/wp-content/images/cardlist/BP07/PL!SP-bp7-028-L.png
嵐 千砂都,Arashi Chisato,ブースターパック MELLOW MOMENT,エネルギー,ラブライブ！スーパースター!!,5yncri5e!,,,,,SECE,PL!SP-bp7-E01-SECE,,,,,https://llofficial-cardgame.com/wordpress/wp-content/images/cardlist/BP07/PL!SP-bp7-E01-SECE.png
桜小路きな子,Sakurakoji Kinako,ブースターパック MELLOW MOMENT,エネルギー,ラブライブ！スーパースター!!,5yncri5e!,,,,,SECE,PL!SP-bp7-E03-SECE,,,,,https://llofficial-cardgame.com/wordpress/wp-content/images/cardlist/BP07/PL!SP-bp7-E03-SECE.png
葉月 恋,Hazuki Ren,ブースターパック MELLOW MOMENT,エネルギー,ラブライブ！スーパースター!!,KALEIDOSCORE,,,,,SECE,PL!SP-bp7-E02-SECE,,,,,https://llofficial-cardgame.com/wordpress/wp-content/images/cardlist/BP07/PL!SP-bp7-E02-SECE.png
What a Wonderful Dream!!,,ブースターパック MELLOW MOMENT,ライブ,ラブライブ！スーパースター!!,,,,red,,L,PL!SP-bp7-027-L,"red:2,yellow:2,purple:2,grey:6",ドロー,5,<ライブ開始時> エネルギー置き場にあるエネルギー1枚をエネルギーデッキに置いてもよい：自分のエネルギーが相手より多い場合、このカードのスコアを＋１する。 <ライブ成功時> 自分のエネルギーデッキから、エネルギーカードを1枚ウェイト状態で置く。そのエネルギーカードは、次のターンのアクティブフェイズにアクティブしない。,https://llofficial-cardgame.com/wordpress/wp-content/images/cardlist/BP07/PL!SP-bp7-027-L.png
米女メイ,Yoneme Mei,ブースターパック MELLOW MOMENT,エネルギー,ラブライブ！スーパースター!!,CatChu!,,,,,SECE,PL!SP-bp7-E04-SECE,,,,,https://llofficial-cardgame.com/wordpress/wp-content/images/cardlist/BP07/PL!SP-bp7-E04-SECE.png
嵐 千砂都,Arashi Chisato,ブースターパック MELLOW MOMENT,エネルギー,ラブライブ！スーパースター!!,5yncri5e!,,,,,PE,PL!SP-bp7-E06-PE,,,,,https://llofficial-cardgame.com/wordpress/wp-content/images/cardlist/BP07/PL!SP-bp7-E06-PE.png
澁谷かのん,Shibuya Kanon,ブースターパック MELLOW MOMENT,エネルギー,ラブライブ！スーパースター!!,CatChu!,,,,,PE+,PL!SP-bp7-E05-PE＋,,,,,https://llofficial-cardgame.com/wordpress/wp-content/images/cardlist/BP07/PL!SP-bp7-E05-PE2.png
嵐 千砂都,Arashi Chisato,ブースターパック MELLOW MOMENT,エネルギー,ラブライブ！スーパースター!!,5yncri5e!,,,,,PE+,PL!SP-bp7-E06-PE＋,,,,,https://llofficial-cardgame.com/wordpress/wp-content/images/cardlist/BP07/PL!SP-bp7-E06-PE2.png
澁谷かのん,Shibuya Kanon,ブースターパック MELLOW MOMENT,エネルギー,ラブライブ！スーパースター!!,CatChu!,,,,,PE,PL!SP-bp7-E05-PE,,,,,https://llofficial-cardgame.com/wordpress/wp-content/images/cardlist/BP07/PL!SP-bp7-E05-PE.png
葉月 恋,Hazuki Ren,ブースターパック MELLOW MOMENT,エネルギー,ラブライブ！スーパースター!!,KALEIDOSCORE,,,,,PE,PL!SP-bp7-E07-PE,,,,,https://llofficial-cardgame.com/wordpress/wp-content/images/cardlist/BP07/PL!SP-bp7-E07-PE.png
葉月 恋,Hazuki Ren,ブースターパック MELLOW MOMENT,エネルギー,ラブライブ！スーパースター!!,KALEIDOSCORE,,,,,PE+,PL!SP-bp7-E07-PE＋,,,,,https://llofficial-cardgame.com/wordpress/wp-content/images/cardlist/BP07/PL!SP-bp7-E07-PE2.png
桜小路きな子,Sakurakoji Kinako,ブースターパック MELLOW MOMENT,エネルギー,ラブライブ！スーパースター!!,5yncri5e!,,,,,PE+,PL!SP-bp7-E08-PE＋,,,,,https://llofficial-cardgame.com/wordpress/wp-content/images/cardlist/BP07/PL!SP-bp7-E08-PE2.png
国木田花丸&優木せつ菜&嵐 千砂都,,ブースターパック MELLOW MOMENT,メンバー,"ラブライブ！サンシャイン!!,ラブライブ！虹ヶ咲学園スクールアイドル同好会,ラブライブ！スーパースター!!",,15,"red:2,green:2,purple:2",,4,R+,LL-bp7-001-R＋,,,,<常時> このカードのプレイに際し、自分の手札から「国木田花丸」と「優木せつ菜」と「嵐 千砂都」のメンバーカードをそれぞれ1枚ずつ控え室に置いてもよい。そうしたとき、このカードのコストは10になる。 <登場> 自分の控え室からライブカードを1枚手札に加える。 <ライブ成功時> 自分の控え室からメンバーカードを1枚手札に加える。,https://llofficial-cardgame.com/wordpress/wp-content/images/cardlist/BP07/LL-bp7-001-R2.png
黒澤ダイヤ＆三船栞子,,ブースターパック MELLOW MOMENT,エネルギー,"ラブライブ！サンシャイン!!,ラブライブ！虹ヶ咲学園スクールアイドル同好会",,,,,,LLE,LL-bp7-E22-LLE,,,,,https://llofficial-cardgame.com/wordpress/wp-content/images/cardlist/BP07/LL-bp7-E22-LLE.png
高海千歌＆中須かすみ,,ブースターパック MELLOW MOMENT,エネルギー,"ラブライブ！サンシャイン!!,ラブライブ！虹ヶ咲学園スクールアイドル同好会",,,,,,LLE,LL-bp7-E11-LLE,,,,,https://llofficial-cardgame.com/wordpress/wp-content/images/cardlist/BP07/LL-bp7-E11-LLE.png
朝香果林＆若菜四季,,ブースターパック MELLOW MOMENT,エネルギー,,,,,,,LLE,LL-bp7-E44-LLE,,,,,https://llofficial-cardgame.com/wordpress/wp-content/images/cardlist/BP07/LL-bp7-E44-LLE.png
津島善子＆平安名すみれ,,ブースターパック MELLOW MOMENT,エネルギー,"ラブライブ！サンシャイン!!,ラブライブ！スーパースター!!",,,,,,LLE,LL-bp7-E33-LLE,,,,,https://llofficial-cardgame.com/wordpress/wp-content/images/cardlist/BP07/LL-bp7-E33-LLE.png
Jellyfish,,ブースターパック MELLOW MOMENT,ライブ,ラブライブ！スーパースター!!,5yncri5e!,,,all,,SECL,PL!SP-pb1-025-SECL,"red:4,purple:4,grey:6",,6,<ライブ開始時> 自分のステージにいる、このターン中に登場、またはエリアを移動した『5yncri5e!』のメンバー1人につき、このカードを成功させるための必要ハートを grey 減らす。,https://llofficial-cardgame.com/wordpress/wp-content/images/cardlist/BP07/PL!SP-pb1-025-SECL.png
桜小路きな子,Sakurakoji Kinako,ブースターパック MELLOW MOMENT,エネルギー,ラブライブ！スーパースター!!,5yncri5e!,,,,,PE,PL!SP-bp7-E08-PE,,,,,https://llofficial-cardgame.com/wordpress/wp-content/images/cardlist/BP07/PL!SP-bp7-E08-PE.png
鹿角聖良,Kazuno Sarah,ブースターパック MELLOW MOMENT,エネルギー,,,,,,,PE+,PL!S-bp7-E07-PE＋,,,,,https://llofficial-cardgame.com/wordpress/wp-content/images/cardlist/BP07/PL!S-bp7-E07-PE2.png
鐘嵐珠＆ウィーン・マルガレーテ,,ブースターパック MELLOW MOMENT,エネルギー,,,,,,,LLE,LL-bp7-E55-LLE,,,,,https://llofficial-cardgame.com/wordpress/wp-content/images/cardlist/BP07/LL-bp7-E55-LLE.png
鹿角聖良,Kazuno Sarah,ブースターパック MELLOW MOMENT,エネルギー,,,,,,,PE,PL!S-bp7-E07-PE,,,,,https://llofficial-cardgame.com/wordpress/wp-content/images/cardlist/BP07/PL!S-bp7-E07-PE.png
鹿角理亞,Kazuno Leah,ブースターパック MELLOW MOMENT,エネルギー,,,,,,,PE+,PL!S-bp7-E08-PE＋,,,,,https://llofficial-cardgame.com/wordpress/wp-content/images/cardlist/BP07/PL!S-bp7-E08-PE2.png
鹿角理亞,Kazuno Leah,ブースターパック MELLOW MOMENT,エネルギー,,,,,,,PE,PL!S-bp7-E08-PE,,,,,https://llofficial-cardgame.com/wordpress/wp-content/images/cardlist/BP07/PL!S-bp7-E08-PE.png
